00000000-0ED6-4E09-BBF9-28325DB6BA30,BSODDxeRuntime
AC8F7B00-C65B-4568-8806-9DEA9E5F1085,DellStatusCodeHandlerSmm
7EF09900-7397-45C0-9CA6-698324391870,DellAutoOsRecoveryDxe
ECEBCB00-D9C8-11E4-AF3D-8CDCD426C973,HttpBootDxe
3C23ED00-56B9-4B3D-96B6-44DB8FAF2E6B,BCVersion
E36B2401-2251-4B13-AF67-A1B2EC561E36,DellSimulatedECSmm
8B8AFD01-8A32-4249-9800-FABC2B1084E5,BluetoothSmm
A6885402-D022-4B0E-A509-4711B90F2A39,ReportStatusCodeRouterSmm
65986603-43BC-4ABF-94D8-5A58847381A6,SiliconPolicyDxe
93B80004-9FB3-11D4-9A3A-0090273FC14D,PciBusDxe
7807E404-8281-4FF1-8457-0B54BABE263F,LegacySioDxe
29CBB005-C972-49F3-960F-292E2202CECD,FspNotifyPhasePeim
9E863906-A40F-4875-977F-5B93FF237FC6,TerminalDxe
7DD26A06-9942-41A8-B9CF-09DE46D5D219,BBSManagerDxe
59378206-861B-4380-A349-2F2F4F030C4B,DashBiosManagerSmm
943D4107-5D78-4233-A382-6260062C554C,DgrReleasePpam11
E03D5A07-CDCD-4AD1-A829-0B5A4AA6D62B,BiosConnectProfileLoaderDaSmm
CA886C07-ACDF-41A6-A501-CBC53DD4008D,DellPeiReportFv
CE1F0D0A-2E92-4EBA-A171-AD89125CEE87,ValidateExtendedBiosRegionPostMem
25C0310A-CB9E-47E0-CBC0-F7F45E55AC9F,DellMfgBootListConfigDxe
42857F0A-13F2-4B21-8A23-53D3F714B840,CapsuleRuntimeDxe
3C33A10A-917E-4925-A2C4-8B545BF10A82,HddPwSmm
1B45CC0A-156A-428A-AF62-49864DA0E6E6,PEI apriori file
56B4FD0A-800F-408F-B4E3-C1B2105177D4,DellAmtConfigDxe
27E94A0B-6E3C-4B4B-B876-176AE521CE60,DellHotSosDxe
E764500B-E398-4AB7-BBBC-99A8E683681F,MeSmbiosDxe
6D4BAA0B-F431-4370-AF19-99D6209239F6,BiosGuardServices
9C4D5E0C-1C12-4BC5-83D4-E671BDD61E40,DellServiceOsInterfaceSmm
D521F60C-7D65-4FF2-99C6-12A296040C57,DellCommonBoardInitDxe
7122810D-CCD3-4B09-A0AB-8D107645C978,DellMonotonicCounterSmm
D77C900D-A1C7-41C5-B989-0C3D37FCA432,AmtWrapperDxe
58CAD20D-D51F-B385-7F84-E829CA2F7C3A,EcGpioControl2Smm
4F95E00D-6B84-40D1-B2A2-FDF718537183,WlanPei
3AF7320E-DE0E-408C-AF25-1C00E4AF2AD2,WyseThinClientSmm
BDFE430E-8F2A-4DB0-9991-6F856594777E,EhciDxe
CE9CAA0E-8248-442C-9E57-50F212E2BAED,IgfxSsdt
2366C20F-E15A-11E3-8BF1-E4115B28BC50,HttpDxe
9E90E60F-FD1E-4B01-BA6E-9FDE5A02E60B,DellConnectionMgr
7758FA0F-2CAB-4684-949F-C20506339539,DellProfileManager
8DD46B11-0403-4B4C-B372-7041CB151834,DellFlashUpdate2Pei
1C377111-E07E-4B33-9B5B-30817D1F1BE3,DellIntrusionDetectSmm
3AA7FD11-CC5F-11EC-95E0-E02BE9424581,DellLegacyBeep
3022E512-B94A-4F12-806D-7EF1177899D8,PciHotPlug
B1951813-0CFA-418E-B312-33368D5902EB,SystemPwSmm
E6ED9B13-31AF-4C92-A561-D47B2FA994F7,FastBootHandlerDxe
94813714-E10A-4798-9909-8C904F66B4D9,NvmExpressPei
52C05B14-0B98-496C-BC3B-04B50211D680,PeiCore
56BBC314-B442-4D5A-BA5C-D842DAFDBB24,PlatformInitAdvancedPreMem
96E7FF14-5285-48DC-B687-D3F043EFDF5E,SocCommonSsdt
79E5CA15-7A2D-4F37-A63B-D1C7BBCA47AD,AhciPei
3307DD15-23BA-4546-A004-FCBCC47D4A49,SiliconPolicyPeiPreMem
EA7F0916-B5C8-493F-A006-565CC2041044,FspS3Notify
E0EDAB16-C482-4015-AE70-64BDFCAA89AB,DellBiosConnectDownloadMgr
4F4CDB16-E322-4477-8924-E5DFA1CF3121,SocGpeSsdt
119BFA16-911B-4F1F-B1B2-69F43B759448,DellPcdUpdatePei
D6DF0817-248A-41F1-A1D3-59E537187D10,DellTcg2Smm
2B268417-CFD4-4C29-85FC-4959300E4969,BcmCvUsbSmall
0D8FA117-1239-4CD6-AD0A-331663824B13,DellOnboardNicPei
1137C217-B5BC-4E9A-B328-1E7BCD530520,DellThermalDebugSmmDriver
32593818-E376-4A9B-94F1-8014FC3B2047,DellTxtPolicyDxe
94734718-0BBC-47FB-96A5-EE7A5AE6A2AD,Dhcp4Dxe
232FB018-F308-4081-B280-812E6164123B,PasswordMgrDxe
0D4BBF18-C2CC-4C23-BD63-BFDAD4C710D0,Tcg2Acpi
54D7CC18-492A-4B43-AD9E-A461D81F82B5,PchInitFspTgl
490D0119-4448-440D-8F5C-F58FB53EE057,PolicyInitAdvancedDxe
15446019-9170-436A-A981-CC7521E9D7F9,Usb4PlatformPei
293A571A-3308-443F-9F36-39DCFDBF3B83,DellEcIoDxe
58C9681A-6956-41FA-B0AA-A3246D880E9A,DellWmiSmm
235BE51A-D4D5-49EF-9C46-D313056B7401,UsbPolicySmm
61F6E81A-7BBA-4A7F-B9F2-B0A3B5D461C5,DellFileExplorerDxe
34E74B1B-8794-4402-AA43-99B5249B1CFD,DellSbSmm
83DB711B-ADAC-46B3-BBFF-5E6E28CFFBD2,DellWlanSmm
FE5C7F1B-E256-47A8-8F1E-9478107C7875,AmtInitDxe
2D1E361C-7B3F-4D15-8B1F-66E551FABDC7,SaLateInitSmm
846E721C-E036-4F2F-90A6-8094917FB077,NvmePciHcPei
FDBE121D-3EB4-4F95-A294-B3794D177FEB,DellECZPODD
EEEE611D-F78F-4FB9-B868-55907F169280,PlatformInitPreMem
4723931D-F8AD-45BF-AC1F-929F7BA88E7F,ValidateExtendedBiosRegionDxe
9104D81E-05B6-4754-A2DE-7DB342FE5496,DellAcpiSharedMemDxe
AF4F281F-519F-4A39-8182-4B053D429874,DellTpmBusConfigDxe
FC87501F-F707-49A2-B676-77717DD904DC,SmiCpuDecodeSmm
579A7D1F-C166-4D0D-ADDB-B20B8B768B72,TmeInitDxe
A5683620-7998-4BB2-A377-1C1E31E1E215,TcgDxe
4A64C620-1CEF-40A0-BE1C-EED6B20ECCE9,MrcHealthDataInit
32C82722-A756-43D4-9BB5-E07E0B1495F7,DellFmpTpm
AD7C7A22-5F5D-4864-A8EF-2B78AD0A52D8,DellUsbExtDxe
FF917E22-A228-448D-BDAA-68EFCCDDA5D3,TxtDxe
0A66E322-3740-4CCE-AD62-BD172CECCA35,ScsiDisk
31740724-5F96-48CA-AA0F-332ACA6B9A75,SpcrAcpiDxe
8F8EB724-139E-4A32-A3D0-F7D376E5B908,RecoveryDeviceMap
86D70125-BAA3-4296-A62F-602BEBBB9081,DxeIpl
7E374E25-8E01-4FEE-87F2-390C23C606CD,AcpiTables
A20F7425-BC87-47D1-945C-637603323584,PlatformConfigTool
F6ECDC25-2079-475A-B0E8-F48B8FA5C20A,DellSTMicroTpmFwMgmtDxe
821ACA26-29EA-4993-839F-597FC021708D,efiinstnats
9B70DA26-0813-4CF0-BB50-969B869C41D9,DellMBistPei
7958EB26-C098-46EC-B5B7-BE9FF13F8E32,DellBoardPolicyPei
1C675C27-6FB1-4170-94E7-3DFFE8BEADBA,LaunchPad3Drv
28EBF627-9BF1-4719-A676-4AF8362FEB23,RTS5242Dxe
CCCB0C28-4B24-11D5-9A5A-0090273FC14D,GraphicsConsoleDxe
943F2628-E10B-4832-B54B-D174F5E04441,RecoveryInitResource
64AF2828-82FD-49B7-BBD9-7B02BAB72CD5,DellEDiagsSmm
B89FD028-D4C6-4BB7-BCA4-17D8C945DC23,CommonVideoSmm
DA3B0E29-2DA7-48A7-AE98-B21093DBBC2B,RecoveryImageReadWrite
7D655829-26DD-4342-96AD-04899477C3FA,SpiSmmStub
9BD4232A-E5B0-418C-9ABD-B0B8574F138C,EcStorageAgentPei
13D3B72A-8047-47B8-A4C4-4E814F6B25A1,DnxDxe
145E152B-3DDE-4EB4-99A7-77083C2BCBEC,DellFmpMcu
2A7B832B-3EE0-44C2-8F3A-9FD43183B853,DellFmpPfat
194EE52B-02FE-418D-AA10-2E61E51CB894,DellMonotonicCounter
BD53572C-6486-45E2-900E-B98AC1A82545,TcssSsdt
9CFD802C-09A1-43D6-8217-AA49C1F90D2C,Mebx
88D3D12C-5B7B-497E-A27B-1CB65D42BF0F,BrightnessHardwareGopDxe
9622E42C-8E38-4A08-9E8F-54F784652F6B,AcpiTableDxe
605CED2C-583B-4171-9311-AA6E146B1A4B,SerialIoI2cDriver
8CF6052D-8153-435F-ABA4-114B6A3FB53D,DellAhciSmm
59ADD62D-A1C0-44C5-A90F-A1168770468C,PlatformInitPostMem
1BA0062E-C779-4582-8566-336AE8F78F09,SecCore
C464322E-3DC4-49AD-B9FD-AF1B56B2249B,HwAssetDxe
FC44722E-1813-419F-9FDD-C3FB644CEC8C,DellErrorHandlerDxe
655B0D2F-BCF1-4B1E-9A6A-A2E891BB50E4,BiosGuardFirmwareVersionPeim
B74B152F-5271-498B-A4A2-5722CBBEC614,DellPolyFuseStringPolicySmm
50AE892F-E01C-46BC-9E47-064E2503776B,NICIdm
3E7DD42F-A67E-4D4F-BC02-2B5A6EC8DAE9,SetupVariablePei
4BD0EB2F-3A2D-442E-822D-753516F75424,PchInitDxeTgl
2A6B4530-9099-4937-8FE7-F168EFE09C89,DellBoardConnectorMapPolicy
4BF98E30-17E0-11E9-B56E-0800200C9A66,ThermalSensors
49C6AC30-F172-4EA4-8599-3925855B4D47,DellDiagLedSmm
918ABA30-3D8D-4BB5-B849-45CC4FC7DE7C,Dptf
FA1B2631-91C4-43F0-BA91-AFBFC7452087,DellEnhancedVersionDxe
08464531-4C99-4C4C-A887-8D8BA4BBB063,Ps2MouseDxe
2386E231-A9CF-4F52-946A-6F6B6C133B46,DellSmBiosTableLoaderDxe
EED5EA31-38E2-463D-B623-2C57702B8A1C,SectionExtractionPei
18D5FF31-7A47-424D-B500-7D792D3E33AC,DellDtDiagSmm
AEA8F032-4601-0189-2411-6C8E3027EE8E,DellDataWipeDxe
C4D1F932-821F-4744-BF06-6D30F7730F8D,Ps2KeyboardDxe
17390333-4CE6-48A8-AFB9-0EF55B666B74,RunTimeAcpiDxe
AD873A33-61E5-45DE-BB73-84F8461FB9EF,DellHddSecurity
CE366D33-B057-4C03-8561-CAF17738B66F,WdtAppDxe
D472AB34-8E21-4343-8BFF-01ECDE292375,DellThrottlingDriver
0FEBE434-A6AF-4166-BC2F-DE2C5952C87D,DellAbsoluteDxe
86B9FA34-F889-4DDC-AEC7-40D286EC6181,I2cTouchScreenDxe
CB992535-8713-4ADE-94F2-5D32CCAB8C5E,PostIbbVerificationCollectorPei
F3982635-7706-4842-840F-6479B4865866,DellSimpleBootFlagDxe
33FB3535-F15E-4C17-B303-5EB94595ECB6,SmmLockBox
ACD28235-075B-48B5-98A1-DA04FCAF84F3,SiInitDxe
B981A835-6EE8-4F4C-AE0B-210AA0BFBF01,RngDxe
FDFBF935-656D-4EA7-9DD3-B7FB42497D78,DellSecurityAuditDisplaySmm
018F3936-3A40-459D-9C82-3F1F78A90164,DellControlVaultDxe
405DA936-3737-5B0B-8E3F-E6172A568592,RecoverBiosUiDxe
4E22BF36-C59D-47C4-9FD1-25A603D75958,SaInitFsp
9D225237-FA01-464C-A949-BAABC02D31D0,StatusCodeHandlerPei
77197B37-A0FB-487C-9CDF-FC36179B73DE,DellStatusCodeHandlerDxe
6FD18837-36E6-46EC-8F61-6730E3E23D50,JhiDxe
6711A637-2C2B-48EA-BD29-88E8A2F80B93,DellFingerPrintReader
D824AD37-7AB9-4817-BD53-DBAB779A3C83,DellAdvSysMgmtConfigSmm
BE189D38-C963-41CF-B695-D90E9E545A13,UfsBlockIoPei
A80CF838-838E-4739-B49E-D97D20DDE98F,GpioControlPei
3548423A-2B2C-4393-9826-B202959D2362,AbtCryptoDriver
76ED893A-B2F9-4C7D-A05F-1EA170ECF6CD,IntelGraphicsPeim
9581983A-3663-46F0-83EC-8A0506EB63E7,BiosInfoChecker
72CAB13A-8E3D-4C49-967E-487A1C291E51,DellTagsSmm
D1AF503B-68B9-4FC9-AE87-DFB72F21B3F1,DellFmpMe
BB67A43B-C7AE-4299-A275-7526DC697735,PlatformStatusCodeHandlerPei2
00EEAB3B-4719-432D-A2DC-C97A2C62BFDD,DellPermDevConfigPei
6381293C-7AFE-49D9-AFFA-4B8F879A9BCC,DellAutoRtcResetPei
F110703C-9D16-40CA-250A-2700CA534F87,DellMfgBootListConfigSmm
BDCBB03C-545E-43C1-8AA8-F058C4FA81A8,GpioControlDxe
FDBEBA3C-B4C5-4F76-B80A-3D1F8DA62973,DellFlashPowerConfigSmm
FDFF263D-5F68-4591-87BA-B768F445A9AF,Tcg2Dxe
4C259D3D-4E67-4F8E-BCB5-BDEA8FF4E488,DellRpmcSupportPei
CE49C83E-618D-47E4-BA13-A82DC799A679,DellDynamicPdtUpdateDxe
5DFAE03E-9C19-4996-85BF-65297BD4137F,PlatformVTdSampleDxe
391B853F-F488-479B-A3D6-870766C7A38F,CryptoSmm
24DDC83F-9F06-44AB-B696-60FE7DF2C948,RstVmdPeim
D4B61940-73AB-48A5-9E26-53A4CA4A2C37,DellDiagsSmm
1009A840-C625-42B3-A94B-B90F991B1B1A,NhltInstallTable
B219E140-DFFC-11E3-B956-0022681E6906,DnsDxe
49F8D341-339B-4E88-A1CC-7FFD00343C59,DellS3ResumeStatusCodePei
2D59F041-53A4-40D0-A6CD-844DC0DFEF17,SmmS3SaveState
A3610442-E69F-4DF3-82CA-2360C4031A23,ReportStatusCodeRouterPei
40801B42-4B8E-4CFC-90F6-8AAAEA82607C,MontreuxMlkAdl_NhltConf3Bt_38_4
F9D88642-0737-49BC-81B5-6889CD57D9EA,SmbiosDxe
EDB90543-661B-4CBD-9278-D88B4C608BE9,DellIntrusionDetectDxe
081C9A43-431F-475D-B84C-93AD6714B80C,DiskIdm
A37A9E43-9077-4539-9B90-BD719B032B23,SpiControllerDxe
55E76644-78A5-4A82-A900-7126A5798892,HeciInit
0CE5EA44-BED3-49CA-AECC-B50AB9C5B0E9,DellRecoverySiDxe
3D417445-1F37-46D8-BC1F-D07014344974,AhciPciHcPei
FF0C8745-3270-4439-B74F-3E45F8C77064,IntelGopDriver
8401A045-6F70-4505-8471-7015B40355E3,UsbBusPei
0CEFD645-588E-4ED7-9943-054808CD7572,SiFirmwareVersionDxe
47F8F645-8DEB-4304-BEE5-BA87D6C680E9,DellTcg2Pei
BF6F4946-F369-47E9-9084-230C7F9E737A,BCdpfLauncher
8401A046-6F70-4505-8471-7015B40355E3,UsbBotPei
E2775B47-D453-4EE3-ADA7-391A1B05AC17,PciSioSerialDxe
822A9647-5479-44F0-AC85-8869074D76AD,DellForeignKeyboardLayout
44F8D447-A021-46AA-9811-12C1EA02119D,BiosConnectLauncher
470CB248-E8AC-473C-BB4F-81069A1FE6FD,SmmFaultTolerantWriteDxe
290EA249-6E88-423C-B0DA-75CDDE7920CC,AmtPetAlertDxe
42CF2D4A-78B4-4B80-80F9-96A83A630D70,UsbDeviceDxe
E374574A-2ADF-43DB-A778-88A75FC08026,DellSmbDaTokensConfig
6D33944A-EC75-4855-A54D-809C75241F6C,BdsDxe
04AFC94A-73AF-432F-BECB-B794568AC985,DellOnboardNicSmm
12A5DC4A-88AA-89DA-89D0-D4547191E3F4,RstUefiDriverSupport
55BB5A4B-3B3F-442C-BF09-0F87A67E8EE7,BindingsDxe
F7731B4C-58A2-4DF4-8980-5645D39ECE58,PowerMgmtDxe
8E9A984C-57E7-4BEB-A62B-58982E0620F1,DellNvmePwSmm
C642C14C-0E9C-4AEF-94A5-A213BAA35DE0,HstiResultDxe
314EE04C-1106-4DC6-ACBC-CF19C0DBC5CC,PlatformInitAdvancedPostMem
12CD8A4D-93FD-E81C-72FC-D931EBBC04D4,DellTouchScreen
CA89914D-2317-452E-B245-36C6FB77A9C6,SaSsdt
37CAA14D-5072-4753-ACB2-CADA3E99A9E7,KeyBoardIdm
8A9EE24D-DAE8-401F-A591-241DF848407F,WwanSmm
249CEF4D-7B90-49F1-B67F-2033F0942623,DellTcg2Dxe
D7B10D4E-67E6-4C74-83E9-F9AF0ACC33CC,PchInitSmm
6FA2994E-144F-404A-ADC9-31C3BC7196C9,DellGraphics3Drv
2E8FF74E-8BA4-4CD6-814F-F96962DDFE27,DellDiagUtilityProtocol
7CA1024F-EB17-11E5-9DBA-28D2447C4829,TlsAuthConfigDxe
22EA234F-E72A-11E4-91F9-28D2447C4829,HttpUtilitiesDxe
F0E6A44F-7195-41C3-AC64-54F202CD0A21,SecureBootConfigDxe
9B3ADA4F-AE56-4C24-8DEA-F03B7558AE50,PcdPeim
F3358D50-72D4-46C0-9BDC-EDC1DADFB55F,DellSmmMemLibWrapper
9E1CC850-6731-4848-8752-6673C7005EEE,FspInitPreMem
9698CA50-54BB-4B43-B1CC-EC1338B7D767,Mec5105InitPei
FE444F51-5288-46E6-B171-73C91BDE358B,DellUefiClass3ConfigSmm
DCA1F451-980F-471A-8882-7A33123DFE52,MemoryIdm
45234652-62B3-4BF7-3878-B54FC44B5328,ForceLpmAspmDisable
47727552-A54B-4A84-8CC1-BFF23E239636,Tcg2PlatformPei
9E53D652-D0E1-4906-A0CB-31685C32BFCC,DellNbEcPei
98E21F53-590C-43CE-99C8-637B6580A5DA,DellUsbExtSmm
8B529353-1FCC-4AC0-A121-90BE9F9CBF7A,DellDiagsLegacy
B0D6ED53-B844-43F5-BD2F-61095264E77E,PchSmiDispatcher
7652F853-6243-4358-2BBD-6F235DCA34AB,DellSmmHwAccessInfo
469AFF53-E625-4460-8F18-AA2206DAE5BE,DellDockSmm
EFC41654-87AD-461D-A5F2-D79B0C01C31A,DellWmiBiosAttribSmm
37CC5B54-5A32-40E0-9A53-26AE9DD34B6A,DellDramLocation
DA806754-AF95-4E1B-ABC8-FAB569FC2B3F,DellErrorHandlerPei
88C17E54-EBFE-4531-A992-581029F58126,FspPcdInit
21B0CB55-4330-4343-AFF8-A68089124118,DellServiceMenuConfig
AF5B3C56-95E6-4434-9373-39BB718ACD00,DellFmpInterface
44A20657-10B8-4049-A148-ACD8812AF257,Tcg2Smm
FEA01457-E381-4135-9475-C6AFD0076C61,CryptoDxe
80CF7257-87AB-47F9-A3FE-D50B76D89541,PcdDxe
CB934658-ADA4-40E5-98CE-9B476FA108B4,DellPcdUpdateDxe
0F267658-FAEC-42CF-A7AA-8D265C12B889,DellDPTFSupportUSTT
A6A88458-BDBB-4962-B194-B1447547C566,DellSensorFirmwareUpdateDxe
E0F2E558-993B-43A9-88C8-D5308BCEBBBE,EcStorageAgentSmm
97696D59-7430-4CD9-BC28-19C769FB04FD,DellHotSosPei
09B98059-2D74-43C5-9709-AD0A0051867D,DellAhciDxe
FF63C459-3400-40F9-85FF-54AD7855F5B7,DellFmpLoader
FCCCE259-07E1-417A-A755-E0F2CF39295E,CpuInitDxe
D27FED59-ABB4-4FED-BEAD-2A878C7E4A7E,SmbiosMeasurementDxe
19DF145A-B1D4-453F-8507-38816676D7F6,AtaBusDxe
5E9E1E5A-D6BC-4AC6-A161-854B7BB5E10A,RealtekLan
393EFD5A-64A6-46D8-E17B-D735EF5E0998,DynamicEETurboSmm
7C7D635B-8B9C-463C-9F7F-91F60906848F,DgrReleaseSpsSmmEntryPoint
8BE1FE5B-0B4E-4AB4-B77B-5E03403DF501,DellUsbTouchPanelDxe
49F8C35C-B9EF-402A-AB44-871C139EB00D,FastBootSetupDxe
25330D5D-5474-4EB8-8192-E6DE3D5ED0B6,DellVariable2Smm
76CBE15D-3C00-4597-8F13-621D77E879E1,AmtSaveMebxConfig
CE2B8E5E-CFA9-4F18-9AE1-ACEAB642892C,DellOA30CtrlSmm
82A3935E-BA18-4703-A7D7-6D356FFE26BA,CameraSmm
180D765F-C489-4F7A-8A3F-596018499EAF,DTbtDxe
283C945F-3FF5-4588-AD80-86E8708B942C,DellSimulatedECPei
7FB30861-8941-4748-953A-2C59D93F9171,BiosConnectUiManager
EADD5061-93EF-4CCC-8450-F78A7F0820F0,Tcg2ConfigPei
9951DD61-4EA0-4D47-F540-40B4E4453507,DellTouchPadHid
348C4D62-BFBD-4882-9ECE-C80BB1C4783B,HiiDatabase
D7DCC862-A2A0-4CDA-B18E-4477D2FE49E3,RadioExecSmm
E5811364-BADA-4F1B-9E3A-6799C1A76DB0,DellSetupChangesMngSmm
2D8B2364-F465-4A70-B8AB-BBC730DEDDBF,LCDIdm
AAC33064-9ED0-4B89-A5AD-3EA767960B22,FaultTolerantWritePei
121D5264-990F-4716-8061-C2144A7D4D0D,DxeDgOpregionInit
AE265864-CF5D-41A8-913D-71C155E76442,CpuIoPei
6B287864-759C-42C4-B435-A74AB694CD3B,SpecialBootStubDxe
A702CE64-AB7A-498F-BAE6-CE18BBAE4C31,BrightnessHardwareVbiosIntelSmm
F0FFF864-8454-46E5-9F2B-CF14F0A41A48,WarmBootSmm
378D7B65-8DA9-4773-B6E4-A47826A833E1,PcRtc
57B82766-596A-45BD-8168-27E2BF41EF5C,DellPermanentDeviceSmm
931F5366-FBB9-4C2C-9362-B532CBEB4F66,ServiceResetDxe
A7A15766-449B-AA93-114B-71B47BE174CA,DellDataWipeSmm
8EC24268-E545-4242-B536-04F94C889969,BoardUpdatePolicyDxe
1A7E4468-2F55-4A56-903C-01265EB7622B,TcpDxe
9E6A5868-6BC0-4F5D-BA8F-4874D31E41C9,DellUefiClass3ConfigDxe
544C6868-AA26-4B94-A43D-80A1BF4E65EF,DellErrorHandlerSmm
F9B71F6A-5EB5-42D6-84FF-9E8A2389526F,DellAutoRtcResetDxe
DE5DE16A-75E4-42DE-86D8-30666A08EA93,DellUefiClass3ConfigPei
0D1CE46B-72D9-4BA7-95DA-23511865E661,CryptoPei
B44A486C-8BB3-457A-A8CE-F89B179C9504,DellEcIoPei
418FAF6C-2BCF-4141-8983-9D33E1B67B4C,SpiControllerSmm
DC571B6D-D570-4862-A95F-299B28FDC2D2,DellAdvSysMgmtConfigDxe
33C6406D-2F6B-41B5-8705-52BAFB633C09,AsfDxe
5ACEC36D-23B3-4C4F-A2B7-B2BFD72A059E,ProcessorIdm
1F28B56E-D26A-48FD-9FAC-9E18A2C5BBDB,CnvUefiVariables
6DB9486F-6AF6-4090-984D-238482CE3EA4,BdatAccessHandler
D61DE96F-6AAA-4B7A-BF5E-DDCA9301DEDD,DellHardwareFailureLogDxe
AF405B70-23A4-11E9-96B9-A0C589EF4E75,DellDiagUiManager
AAEEA070-C492-4469-B378-BBAB2060A4A7,BiosAttributesMgr2Smm
128FB770-5E79-4176-9E51-9BB268A17DD1,PciHostBridgeDxe
839EB770-5C64-4EED-A6D5-EC515B2B2B23,PlatformVTdInfoSamplePei
E3926671-4595-4D35-8911-2941BD77E475,DellEcChipDetectPei
3FE89372-C0CC-466B-AA4A-B76DBBB11BBB,DellPolicyDxe
34BC2673-256B-4BE2-9C4C-025EE484ACAE,DellXhciPei
53322F73-3965-45A7-8B54-61972744102E,IntelUefiRaidDiskInfo
82BF4973-734D-4324-A3D3-FCC0EE3AD51E,DellEarlyLogoPei
C8339973-A563-4561-B858-D8476F9DEFC4,Metronome
A210F973-229D-4F4D-AA37-9895E6C9EABA,DpcDxe
1C110D74-159B-46B3-B47E-7B7AD22FA6D6,DellResetReduction
700A8874-D215-4ACC-9EF2-7A80128560E0,UfsPlatform
8B778A74-C275-49D5-93ED-4D709A129CB1,DellAbtDxeBin
2E3F2275-89CD-4DE4-BD84-BEBFD94BCDCC,DellSmBiosDaCiSmm
B8E62775-BB0A-43F0-A843-5BE8B14F8CCD,BootGraphicsResourceTableDxe
291A3B75-C685-475E-876B-2E40A6A7E18A,SetTimerPeriodDxe
A8656175-9210-4AB5-8ED4-A7503BD92F0C,BoardSmbiosDxe
3D2DBA75-5EBC-4EEA-A487-06AD9E1CACB3,DellI2cPlatformDxe
D38FC876-0B17-4D95-A7F8-A022ECA1CA42,MeExtMeasurement
2619EA76-4599-4978-8649-E7371170C256,OpticalDiskIdm
FE5CEA76-4F72-49E8-986F-2CD899DFFE5D,FaultTolerantWriteDxe
A0C98B77-CBA5-4BB8-993B-4AF6CE33ECE4,Tcg2Pei
59287178-59B2-49CA-BC63-532B12EA2C53,SmbusSmm
1C8B7F78-1699-40E6-AF33-9B995D16B043,PiSmmCommunicationPei
7DA68578-C0E9-4742-8DE5-C91ACA88D5A7,DellBoardPolicySmm
EA139578-FEA0-4DD2-91B5-6953819EF1E4,DptfAcpiTables
8D7F9B78-FE02-41F7-B515-0841C429654B,WiFiSupplicant
AF43E178-C2E9-4712-A7CD-08BFDAC7482C,UfsPciHcDxe
D61B6C7A-653A-45A9-8AF3-63A8A5076639,DellHddSmartSmm
6CD3857B-1A86-4734-814D-8302E514AE79,AthQCA6174Undi
27F4917B-A707-4AAD-9676-26DF168CBF0D,SpiSmm
CA9D537C-0B20-4F94-9283-45F4D51A748D,DellAsfBypassAbstraction
75BE667C-48E1-452D-B0FC-363138ED87FF,PStateControl
27A87B7C-C648-45DF-818F-3A887365C384,DellFmpTbtRetimerDxe
B94FC17C-579C-4AB3-BA28-678D1813D1D6,DellBiosConnectNetwork
3245EA7C-9209-41E7-BE2C-EB662B8C0622,FspFirmwareVersionPeim
EBF8ED7C-0DD1-4787-84F1-F48D537DCACF,DriverHealthManagerDxe
B1EE927D-3A37-488F-9621-8099B8E5FCB5,DellDramChipInfo
7C03567F-C840-4E9C-BFCC-652793C2FBFB,DpfServicesDxe
D6A2CB7F-6A18-4E2F-B43B-9920A733700A,DxeCore
F099D67F-71AE-4C36-B2A3-DCEB0EB2B7D8,WatchdogTimer
20830080-CC28-4169-9836-7F42B8D0C8C9,GraphicsOutputDxe
FC012980-D6F9-4741-B660-32D04E269BD8,DellFmpPm
507B3A80-B8D6-4F25-9D86-9E065484AA32,FvApp
3C4B7480-E1D8-4D59-80C1-7307A2B1D666,DellPpamPlatformSmm
9901C780-3E33-4D18-B54A-CF7234AFDB50,DellPolicySmm
43130081-60D6-4C29-BBC0-AB0B5BB90483,DellMfgAuthenticationSmm
77D71582-4274-0EC5-36CD-65A2CC4FD663,DellWsmtEnforceSmm
044D9982-AA57-45D7-BB7D-62966AF7356B,DellStatusCodeHandlerPei
F895B482-1970-49A7-84F5-723978086642,DellFlashUpdate2Dxe
80FD2A83-B5AF-4A67-88BD-08388BDF1ADF,DellTcg2ServicesDxe
66633083-3F16-43B2-8ED2-801A2EDC3824,DashBiosManagerDxe
A74CB083-C630-479F-9ECF-ADBAFD2F1704,BlueToothPei
67499F84-F2E5-4DD2-9E56-C6E389DD6173,DellRtcAutoOnSmm
D76E0A85-4908-4732-BE0F-BE707EF7CB37,SmbiosTpmDeviceInfo
68A10D85-6858-4402-B070-028B3EA21747,SpiFvbServiceSmm
57D55F85-C177-4A84-A2DD-8668E6F082E1,DellCipherSmm
E660EA85-058E-4B55-A54B-F02F83A24707,DisplayEngine
DFE12086-5323-44BB-BB3D-702165FCFB61,DellHardwareSignature
1A1E4886-9517-440E-9FDE-3BE44CEE2136,CpuDxe
6141E486-7543-4F1A-A579-FF532ED78E75,ResetSystemPei
9E702787-C760-4CED-BF46-EDC428F182EE,GopOverrideDriver
3A4F8687-0AF0-4F39-87CF-8A2DE97AB3DB,PasswordMgrSmm
038CE287-B806-45B6-A819-514DAF4B91B9,DellErrorLogConfig
E1DC0888-C5AC-4A2C-83A5-91AD26960F31,DellTpmPpiSmm
D2ABC888-AE13-4E3B-BCEE-5DE368FA4E72,MsegSmramPeim
DED60489-979C-4B5A-8EE4-4068B0CC38DC,OpalPasswordPei
7537E889-FC63-42D2-B400-F7646C45CEE3,CastroCovePmicNvm
CA84408A-0929-4F11-BFED-18C7D9576C6B,PlatformInitDxe
FA20568B-548B-4B2B-81EF-1BA08D4A3CEC,BootScriptExecutorDxe
D89A7D8B-D016-4D26-93E3-EAB6B4D3B0A2,Enter Setup
D6DAB28B-E52A-4C76-B9D1-982B112C9130,EcDashControllerSmm
39F5FC8B-F34D-4256-8689-DA3A44580544,DellNbEcSmm
502D4D8C-E607-4613-B187-3ACAB0169AD7,DellDualBootBlockDxe
E3E4048D-6C0C-43E4-AE1C-FFB579D8EF41,OpalPasswordDxe
00160F8D-2B35-4DF2-BBE0-B272A8D631F0,FirmwarePerformanceDxe
389CAF8D-998F-4AD8-BFAC-20BE4AD9804A,DellAuxMac
5AD19B8E-71DA-40E6-B30E-FF2B8168C10C,DellThermalDebugDxeDriver
3209228F-94E2-4AA4-8E18-0791B7254C2F,DellAbsoluteSmm
CE19678F-3F08-4E81-A1F3-1886CA13ADA7,SiliconPolicyPeiPostMem
34C8C28F-B61C-45A2-8F2E-89E46BECC63B,PeiVariable
3876F590-7AC6-4E0C-82EF-7B9A8A7B8DC9,GpioPolicyPei
B7F50E91-A759-412C-ADE4-DCD03E7F7C28,XhciDxe
D13A4091-7C6D-4D0E-BDE8-5DE6F7135F35,BcmCvAPISmall
A128BD92-E5D3-4A8C-A902-559989BDCA05,DellPermanentDeviceDisablePei
529D3F93-E8E9-4E73-B1E1-BDF6A9D50113,ArpDxe
0A685093-7278-431A-9463-785EBCC102D0,DellHybridGraphicsInitDxe
A9CA7993-FB8F-4BE4-8CE1-E2AB9F2E40DC,DellTbtSetupSmm
DB0C8A93-57EE-4E4E-AA7D-1179234A7D63,DellRamDisk
4E35FD93-9C72-4C15-8C4B-E77F1DB2D793,FvCnvUnCompact
53E65F94-B418-4541-9A12-18839A56B427,Thc
3FECFD95-7CB2-4A6E-8FAC-DEFD9947E35E,ReportFvPei
EC98FF95-242C-4513-B1BC-69FA24111C58,AcpiDebugDxe
1B346098-AB0B-4AE7-DDBE-88AB3CD6220D,BatteryIdm
B8BA8298-AF29-4FA3-9D10-27A8478BB6A7,PchInitDxeFsp
07709C98-414A-4039-B7D0-29C21F105E92,AcpiPlatformFeatures
7B8DAD98-4B25-438A-BC31-F6CC931D5BB4,PlatformInitRecoveryPei
7CB40E99-3186-4A5D-829D-802C5793F132,DellAcpiSharedMemSmm
FB142B99-DF57-46CB-BC69-0BF858A734F9,SerialOverLan
99F03B99-98D8-49DD-A8D3-3219D0FFE41E,Mtftp6Dxe
438B7799-F4D5-47A6-A75C-305C4449F512,SwSmiDxe
6F4FA299-8F46-4BB2-8039-9B0A82289D07,DellSimulationDetection
51CCF399-4FDF-4E55-A45B-E123F84D456A,ConPlatformDxe
7C347F9B-6FAE-45A5-906E-F8DFEBEE64FF,DellWmiSecurityMgr
A4F2909C-5E2A-438A-91BA-272B0923049A,PlatformSetup
B2E6299D-686A-4214-B070-080367FC5340,DellInstallHiiPidListHobPei
5CD9649D-2874-4834-802B-C559C94703AE,Usb4CmDxe
95E3669D-34BE-4775-A651-7EA41B69D89E,Dhcp6Dxe
EDADEB9D-DDBA-48BD-9D22-C1C169C8C5C6,CpuMpPei
ECA2AE9E-7594-4901-871C-449DA1A11660,I2cDxe
9516D89E-0A6D-4AF6-8C26-5526F11EE82E,BrightnessControlSmm
1FA1F39E-FEFF-4AAE-BD7B-38A070A3B609,PartitionDxe
4F1F379F-2A62-48BB-AC34-D3F135C6E2B7,PcatSingleSegmentPciCfg2Pei
F906769F-4AED-4A0D-8C7C-FF21B9D1051A,IntelVTdPmrPei
EE2F2CA1-911D-44AE-97D8-AB313758B025,DellMfgDefaultsDxe
BCAD34A1-DEB7-4FFC-90D8-B0643BD8271A,AmtMacPassThrough
29EA0DA2-84A0-4FC1-80E4-0531C7466EF6,DellSupportAssistUi
F80E66A2-1A2C-415B-9B9C-066C1F04B626,ITbtDxe
5402F0A2-7818-478B-8744-048AAE94BE0D,DellTpm20Dxe
84E90BA3-CB79-4267-AE2F-437B86DAA6F4,DellTrustChainingPei
960241A5-5CE6-4EBF-B9C4-E37D294BEBA9,FspWrapperPeim
E77E53A5-A5B8-45DC-BAEB-66C86F1AC811,RuntimeAcpiSmm
FEAD00A6-24A2-4546-ABBC-4BF83F7100DC,I2cSensor
15488FA6-2391-4C9B-6FB7-6FE0E0F410BC,DellPeiPolicyInit
E052D8A6-224A-4C32-8D37-2E0AE162364D,SmbusDxe
2BE1E4A6-6505-43B3-9FFC-A3C8330E0432,TcgPei
F7FDE4A6-294C-493C-B50F-9734553BB757,CapsuleX64
9C31E5A6-6EBD-4D24-89B0-3D7BB273F1A9,DellHybridGraphicsInitPei
F8CC23A7-0F10-45AF-AA1C-0D9DD8BB3C20,DellHttpsBootManager
763F61A7-BCFD-4657-87B2-8DBCAD6425F9,DellOpalHddSecurityDxe
84FB69A7-C858-483A-BB90-D3BCAFBCC6ED,DatabaseManagerDxe
9FB4B4A7-42C0-4BCD-8540-9BCC6711F83E,UsbMassStorageDxe
B26BCCA7-D044-49E1-B1B5-E2A96BB7C225,MitigationDxe
8FAAD0A7-02B4-432F-8F5C-B880965D8B41,SmmCommunicationBufferDxe
A7732DA8-11AA-4366-9715-CD92CFB7D362,SataController
E21F35A8-42FF-4050-82D6-93F7CDFA7073,PiSmmCommunicationSmm
2FC95DA8-6DED-4E19-BA0F-A253032E144A,DellHotSosSmm
255D96A8-1579-4ADF-8575-56D4B0467117,DellTcg2EarlyPlatformPei
CD31F8A8-28A6-4E49-8B3E-4142BD006C41,MeUlvCheckDxe
35E417A9-EE0B-48DC-A948-75F8AB93C933,RuntimeAcpiPei
56752DA9-DE6B-4895-8819-1945B6B76C22,IntelGopVbt
A8F14FA9-FC88-45F4-A622-F06E6C56E632,FirmwareBootMediaInfoPei
83EC90A9-D791-4613-9C57-68C3DE923C3B,MeSmbiosUpdateConfig
2D2E62AA-9ECF-43B7-8219-94E7FC713DFE,UsbMouseDxe
6E7181AA-A835-47BE-9C49-0743354D2F5D,RecoveryPcdDataBase
E862A2AA-299A-4A4B-B00A-AA7350FD6842,DellSecurityAuditDisplayDxe
B178E5AA-0876-420A-B40F-E39B4E6EE05B,WarmBootPei
044310AB-77FD-402A-AF1A-87D4120E7329,FirmwarePerformanceSmm
6D6963AB-906D-4A65-A7CA-BD40E5D6AF2B,Udp4Dxe
8698C9AB-DF46-4B3C-B119-1D4CC1199497,Realtek5242CardReader
80A845AC-210F-43B0-995B-477BE41AB4E8,SiInitFsp
E4735AAC-9C27-493F-86EA-9EFF43D7ADCD,VirtualKeyboardDxe
131B73AC-C033-4DE1-8794-6DAB08E731CF,FspInit
8DB954AD-047A-459A-AC0F-F3758779F61A,DellMfgModePei
905DC1AD-C44D-4965-98AC-B6B4444BFD65,UfsPciHcPei
478FCDAD-760E-426C-869B-2F3345051750,DellHddSmartDxe
A457CFAD-64EA-49EE-A532-566AC2B6D6C4,PolyFuseWarningsDxe
3C4836AE-B24B-40E3-B24B-9448ED095BFE,SpiDxe
19133FAF-F2D4-4EE6-8A54-30DBFDBDA2AB,DellAmtFeatureDxe
89E549B0-7CFE-449D-9BA3-10D8B2312D71,S3Resume2Pei
FCE085B0-9E4C-4058-BB55-1676C77C51A1,DellPolyFuseStringPolicyDxe
C6D37AB1-ACBB-4928-A956-577BB3DBB751,DellDimmLocation
C3E69EB2-0429-4BD6-AE4A-8CA02FBACC2E,AdvancedAcpiDxe
7305D9B2-95AE-4250-BD78-396C3B6AC2EE,RecoveryImageReadWriteV2
23A089B3-EED5-4AC5-B2AB-43E3298C2343,VariableSmm
A2AEDCB3-8080-4C3F-B414-7A05D25E0699,DellNtfsDxe
5E523CB4-D397-4986-87BD-A6DD8B22F455,AtaAtapiPassThruDxe
AE65A8B4-05A3-4CFC-A486-F3149AA34BC0,DellMfgModeDxe
69DAB0B4-5FD9-4FEC-AA30-298D2B5A342E,DellFormBrowser3
5820EEB4-C135-4854-9D2A-AA9EFC4475E9,MeFwDowngrade
4F08F6B4-640B-4F54-840F-F225BD00B9F3,SpiFvbServiceDxe
6B38F7B4-AD98-40E9-9093-ACA2B5A253C4,DiskIoDxe
ED2B72B6-9913-432F-A199-70A05F7A303D,DellMEHandlerDxe
CD3BAFB6-50FB-4FE8-8E4E-AB74D2C1A600,EnglishDxe
240612B7-A063-11D4-9A3A-0090273FC14D,UsbBusDxe
DC3641B8-2FA8-4ED3-BC1F-F9962A03454B,Mtftp4Dxe
ACD88BB8-D466-4B8A-8DA5-EC6407A83B28,NvmeHealthDxe
ABA99AB9-C7E0-42CF-A584-1C93AC103AB7,DellVideoSmm
D893CDBA-7F65-47F5-A67A-228252F03633,DellFmpEc
820C59BB-274C-43B2-83EA-DAC673035A59,SataController
BDCE85BB-FBAA-4F4E-9264-501A2C249581,S3SaveStateDxe
B62EFBBB-3923-4CB9-A6E8-DB818E828A80,MebxSetupBrowser
C42419BC-F9DF-4450-983F-1AD35509D2BC,DellAmtConfigSmm
3212A3BC-B235-4E46-8929-CCC02F2447C9,DellVariable2RuntimeDxe
844EC5BC-AE49-41B2-A70A-0AEE59505518,DellAdvSysMgmtDxe
D912C7BC-F098-4367-92BA-E911083C7B0E,Udp6Dxe
36BF2BBE-78ED-49ED-88BB-9AC41630D4A8,DellRcaPkgBIOSIQDxe
20E687BE-B09B-4DA1-BCFE-E804B3B97CE4,CsmeHealthDxe
096111BF-B355-4180-BA39-737153339F0E,ServiceBatteryRemoval
91D211BF-37C2-495A-8DF7-9546BD2555C0,PpamPlatformSmm
3ACEB0C0-3C72-11E4-9A56-74D435052646,TlsDxe
0A58B5C0-0E01-429C-A8AD-EB7349A5CFA5,DellPlatformVTdPolicyDxe
99442FC3-1A01-40F7-95A0-D65427961581,DellOnboardNicDxe
E649A8C3-F222-4E6C-3D63-92E7DFAC65A3,DatabaseManagerPei
B43B03C4-FEB0-410B-A0A0-C25B1C8F8DD8,EcStorageAgentDxe
5D744BC4-CA94-4F8A-9C50-EBC2A107303E,SerialIoUartDriver
3BB37EC4-82E8-4C84-AAA5-1E0BCFCDA6FD,DellFmpFtb
0167CCC4-D0F7-4F21-A3EF-9E64B7CDCE8B,ScsiBus
B601F8C4-43B7-4784-95B1-F4226CB40CEE,RuntimeDxe
077F6FC5-2D7C-4F58-B12C-F5287E5F5843,DellTagsDxe
15B985C5-7103-4F35-B59D-2235FC5F3FFE,UsbTypeCDxe
E04095C5-F88D-4942-BEF5-3424A693A8B9,BSODSmm
D57BC5C5-F058-4AA8-8585-B7645E1A7D25,DpfServicesSmm
4A4CA1C6-871C-45BB-8801-6910A7AA5807,BiosInfo
CE35B5C7-EF21-48FF-A476-3F5FAF3F98AD,PersonalityModuleDxe
025BBFC7-E6A9-4B8B-82AD-6815A1AEAF4A,MnpDxe
4B28E4C7-FF36-4E10-93CF-A82159E777C5,ResetSystemRuntimeDxe
C7CAF1C7-2D97-45CB-99D9-D89AAF8ACC11,DellSecurityVaultSmm
88E502C8-27ED-4390-AE14-937607595823,DellIntrusionDetectPei
1C652EC8-2347-44C1-93E0-D1BEE8C82FFC,SaInitDxeFsp
DDEF12C9-944D-4757-A3EC-CCFBADA96DD2,DellFlashBios
903B2AC9-F6BF-4397-A4AC-2DC8FBEE30A3,DellHddScp
85984EC9-E300-4277-AC62-640FABADB6A5,DellSbDxe
E0ECBEC9-B193-4351-A488-36A655F22F9F,SaveMemoryConfig
163699CA-FFD9-4EFA-9901-A7B2DF3DE7D1,Class3Smm
C947C2CA-C1E2-4007-BBE0-FD7C7865A548,DellNvmePwPei
C034A2CB-1190-4638-9DDF-6F297824741E,TestPointStubDxe
AF8A30CC-08E4-4E73-9E8E-2E39674D9E63,DellServiceMenu2
6AA1A3CC-52C4-4B03-99F7-288F345C1DB3,DellAudioConfigDxe
5BEDB5CC-D830-4EB2-8742-2D4CC9B54F2C,Ip6Dxe
40B5FCCC-CD62-4B46-89BA-D7F5256D881D,DellPolicyPei
E94F54CD-81EB-47ED-AEC3-856F5DC157A9,PiSmmCore
58B9CFCD-7BEA-43EE-AEE2-896AC2E0D6C4,AdapterWarningsDxe
9B680FCE-AD6B-4F3A-B60B-F59899003443,DevicePathDxe
2CFA6CCE-1A57-46FF-BE62-D6B1EA11254E,SmmCryptoAlgorithm
E6A7A1CE-5881-4B49-80BE-69C91811685C,Setup
A671FACE-B99F-48AB-B3B0-F25E5EE4B115,TcgSetupDxe
E72527CF-505B-4B50-99CD-A32467FA4AA4,AsfTable
C3B95ACF-4ED2-8462-AA52-788415A61C4B,GpsOnWwanSmm
2D2E62CF-9ECF-43B7-8219-94E7FC713DFE,UsbKbDxe
AEDB04D0-EE2B-499A-B673-D71AF876CF83,DellSocketDxe
13AC6DD0-73D0-11D4-B06B-00AA00BD6DE7,EbcDxe
374CEED1-AD67-40C0-B2C9-3DBCC5A5D30A,PwByPassSmm
4D1514D2-FBDE-49C6-B20A-A40288A0D4AA,HstiIhvSmm
FCAA9AD2-D6C1-483E-8A24-15BE21704FAD,CablesIdm
93D4BED3-C6EB-41A1-9FDC-724FD3C5C13E,DellFmpDock
59A3F3D3-DD73-47E7-9688-E96C1A6F50D1,DellRecoverySiPei
4B63A5D4-CB08-47CD-AFD9-BEA33A30F313,CrashLogDxe
8FC1FDD4-3876-449B-A41C-6A788495FC78,BiosAttributesMgr2Dxe
5CAB08D5-AD8F-4D8B-B828-D17A8D9FE977,Tcg2PlatformDxe
987555D6-595D-4CFA-B895-59B89368BD4D,IntelVTdDxe
350F9ED6-206C-4288-BDD1-8BAD8C053112,DellServiceApp
0E78D1D6-5691-4793-8FF7-465CB7F9124E,DellNvmePwDxe
A66ADAD6-972C-465B-84D6-072ABE8D6911,DellNuvotonTpmFwMgmtDxe
97F81DD7-1D4D-47DA-9021-D2084AF325AB,DellTcg2PlatformDxe
D9117BD7-0807-4F38-B773-AD86A791EAFC,SiInitPreMemFsp
160D11D8-93D8-40A2-B1F8-7F7E80E0C8C7,DellSecureBootDxe
79CD78D8-6EDC-4978-BD02-3299C387AB17,StatusCodeHandlerSmm
46FCD5D8-A9B3-42E3-904A-012F07BC5F5C,PowerOffSmm
A47EE2D8-F60E-42FD-8E58-7BD65EE4C29B,CpuIo2Smm
D93CE3D8-A7EB-4730-8C8E-CC466A9ECC3C,ReportStatusCodeRouterRuntimeDxe
C779F6D8-7113-4AA1-9648-EB1633C7D53B,CapsulePei
BBA544D9-4747-4C3C-9371-F1ACB6B13CA3,DellNbEcDxe
CB73C3D9-2F01-4342-AE67-04DDE5264092,PlatformInitAdvancedSmm
5AEC47DA-A9EA-4522-A3DD-9BBE138D7056,DynamicFv
B95E9FDA-26DE-48D2-8807-1F9107AC5E3A,UefiPxeBcDxe
2FA2A6DA-11D5-4DC3-999A-749648B03C56,PiSmmIpl
BCA793DC-6532-4BEF-96B4-FC297D1FEA98,DellPciBusPei
FF8124DD-34D8-4CF8-9C6F-DF6FCE3A9F13,DellUserInterface3Dxe
519D1BDE-27B4-4408-990D-FEFDB6B5220B,ServiceResetSmm
17A269DE-7C35-4132-9EA0-A3EB5AB87F1E,PowerLostNotifyDxe
6CE6B0DE-781C-4F6C-B42D-98346C614BEC,HpetTimerDxe
9F7DCADE-11EA-448A-A46F-76E003657DD1,VariableSmmRuntimeDxe
2EFEF5DE-BF55-4BCF-F01E-8F4EF0B96A9D,DatabaseManagerSmm
48A2E1DF-F2D4-490D-8677-F7A5C6FCC96A,USBIdm
B9EC7CE0-2059-49A7-BCDF-C07D4CCC6E9E,DellFmpClassic
93677DE0-9A9B-47DF-8674-60E76858AEAB,AudioSpeakerIdm
6C8FAEE0-6521-477A-83BF-0D6598DD28A2,DgrReleasePpam11Manifest
935405E1-2F8C-4A7C-A89A-336060C4B0D2,DellCoreService
183BB3E1-A1E5-4445-8AC9-0E83B6547E0E,CpuFeaturesPei
1CC640E2-28EE-4D0C-8211-5D0E30967EE6,DellRecoveryMgmtDxe
8B555AE2-4254-43A2-839E-4869604CCC9A,FspEndOfPei2Peim
C38FB0E2-0C43-49C9-B544-9B17AA4DCBA3,CpuAcpiTables
3C0ED5E2-91EA-4B94-820D-9DAF9A3BB4A2,DmarAcpiTables
C92652E3-C7DE-4C78-9577-1C897C51BFFA,HeciInitDxeFsp
AD416CE3-A483-45B1-94C2-4B4E4D575562,TcgMor
CE1C71E3-ECB3-4ED2-9DF4-2B38AB65B0BE,DellDiagManager
75862FE4-4FC6-4188-804B-29DC7733178B,StallServicePei
66E6C2E4-0245-4545-8165-12322480AF31,AdvancedPmaxDxe
F786D3E4-B003-4C9D-96A3-A4FA84EF9603,DellDeviceCfgDrv
335A78E5-7D2D-45B9-B3B1-BE964E731DAB,DellFmpNvme
5AAB83E5-F027-4CA7-BFD0-16358CC9E453,WdtDxe
2F9AC9E5-E3E9-4096-9EE9-28AA6F763E59,DellHttpsBootManagerSmm
DD73A3E6-9FDB-480E-81A6-A2D85D220B8C,DellXmlParser
FC510EE7-FFDC-11D4-BD41-0080C73C8881,DXE apriori file
A19B1FE7-C1BC-49F8-875F-54A5D542443F,CpuIo2Dxe
59B042E7-04A7-4D18-967A-8D31E3F34E8C,BiosConnectIqIntegrationDxe
17D290E7-49BE-41FC-BF62-912C17152FA8,DellSimulatedECDxe
C10194E7-DEB2-4AF4-9EEE-BFFDE4D7D4C7,TimestampDxe
57C295E7-4411-47FB-A176-68CE13ED449C,VideoIdm
D71863E8-A7B9-4B29-BEDA-4CDAE44E056E,DellPowerManagement
4FE772E8-FE3E-4086-B638-8C493C490488,PhysicalPresencePei
F7253EE9-CC52-4234-AE8D-4CD64E8F744F,DellRecoveryMgmtPei
F80697E9-7FD6-4665-8646-88E33EF71DFC,SecurityStubDxe
A2F436EA-A127-4EF8-957C-8048606FF670,SnpDxe
F4A48AEA-40D1-454B-B7CB-5607A993B8D9,BBSManagerSmm
2F5AB7EA-DA90-4E84-83EE-5F7397254531,BindingsPei
336CDDEA-AB28-4C4C-9F64-5FE0391FEBB8,DellAudioConfigPei
F0CFE5EA-895A-4C18-BE2A-80FD85BB8299,UwbSmm
3273FEEA-FFA2-4EBA-A293-9F7EFDFEEF87,FanIdm
082198EB-1731-478A-901C-5A86A9C64910,DellPermDevConfigDxe
2AEDA0EB-1392-4232-A4F9-C57A3C2FA2D9,BindingsSmm
EEE8D8EC-40C2-159B-71C7-8796EEEF3FBC,HeciInit
408EDCEC-CF6D-477C-A5A8-B4844E3DE281,ConSplitterDxe
2FB216ED-4A67-4833-9F5C-248124CD9AAC,GpioPolicyDxe
9F83F5ED-F407-4BD3-9B16-DC27A7016BBD,PlatformFirmwareVersionDxe
4D2E57EE-0E3F-44DD-93C4-D3B57E96945D,CpuS3DataDxe
BAEB5BEE-5B33-480A-8AB7-B29C85E7CEAB,FspGlobalDataInitPei
9C1080EE-D02E-487F-9432-F3BF086EC180,GenericMemoryTestDxe
DE23ACEE-CF55-4FB6-AA77-984AB53DE811,SaInitDxe
7134E3EE-7FA6-4489-87A7-AE38984EAED8,DgrReleaseSps
3364E8EE-91B8-4428-9FBC-1E9C5DCA398D,DellMemorySlotInfo
6C2004EF-4E0E-4BE4-B14C-340EB4AA5891,StatusCodeHandlerRuntimeDxe
7ACE35EF-C960-4465-91BA-FC528B8182CB,DellMbistRecoveryStatusCodePei
3F7753EF-D36F-45CC-8A1A-2EAAFF1038B6,PciPlatform
3F7753EF-D36F-45CC-8A1A-2EAAFF1038B7,BootMediaInfo
5B61EDEF-52C8-41FD-AAE7-0938DDF0BB5E,DellRCSetupDxe
2A5923F0-06FB-4A23-9D06-F976C7B3C312,PlatformStatusCodeHandlerDxe2
D54A91F0-4547-4380-8890-17C19937F853,DellSecureBootSmm
E89EACF0-96F8-4CCD-89E9-968CD39F2317,BrightnessControlDxe
4D9CBEF0-15A0-4D0C-83DB-5213E710C23F,Tcg2ConfigDxe
FB62F7F0-5433-11E4-B810-402CF41D8A90,SecureEraseDxe
EDF704F1-2675-4019-9258-6F0F6C677D95,DellWdtFeatureSmm
1A6F63F1-AEAD-45FC-882C-03885004A6D6,DellAdvSysMgmtSmm
6A79EBF1-BBB6-42A7-BDA1-5EACF52F2480,MotherBoardHealthDxe
F8BE27F2-7EC7-82FD-704E-A94BA8E63C7D,EcGpioControl2Dxe
60740CF3-D428-4500-80E6-04A5798241ED,HstiIhvDxe
AEBB0EF3-9450-43DA-B2CF-323D04C937CF,DellWmiBiosAttribDxe
4D2C22F3-C0E5-419E-8978-BC9C3CF843A8,DellFmpGbe
60002AF3-DC95-4253-88AD-8BD876D83750,DellMfgModeSmm
A2E160F3-018D-486C-A7B5-10B0E669EDA3,DellVariable2Dxe
05B17EF3-26CB-444A-82F7-92705CFB6B1E,DellSetupFormSets
9FB1A1F3-3B71-4324-B39A-745CBB015FFF,Ip4Dxe
575B08F4-A946-4341-B46A-765CC9F04644,PCIeIdm
1E910FF4-3106-44F0-BB75-115A52FB9BAC,DellVideoDxe
40B457F4-4409-492C-AE48-2A2B0CBCDA58,DellEcIoSmm
5BE3BDF4-53CF-46A3-A6A9-73C34A6E5EE3,NvmExpressDxe
A3FF0EF5-0C28-42F5-B544-8C7DE1E80014,PiSmmCpuDxeSmm
D22C15F5-818B-4940-90EB-ABB377255643,SmbiosMisc
D22C15F5-818B-4940-90EB-ABB377255644,SmbiosPlatformInfo
04609BF5-E1C3-44FC-E4DE-7F9489362184,BiosConnectDaInterfaceSmm
A6AEF1F6-F25A-4082-AF39-2229BCF5A6E1,AmtStatusCodePei
631B4DF7-BAEA-4C1F-A061-5B6462652822,DellDiagsDxe
A0BAD9F7-AB78-491B-B583-C52B7F84B9E0,SmmControl
5BEC0DF8-B466-4442-91F2-721DAB8F7DA1,AudioSmm
CF5014F8-2EBE-4D57-AA83-D7A3607371EA,DellFlashRecoveryImage2Pei
1323C7F8-DAD5-4126-A54B-7A05FBF41515,SmmAccess
32C1C9F8-D53F-41C8-94D0-F6739F231011,BiosExtensionLoader
A2EE1AF9-CFDB-4F73-829F-3D2CF7E51472,DellBoardPolicyDxe
0D244DF9-6CE3-4133-A1CF-53200AB663AC,FspsWrapperPeim
4E4E97F9-63FF-4BDA-90BB-C6F943FA5100,PlatformStatusCodeHandlerSmm2
E7F1DFF9-DAB6-498A-9ADF-57F344EDDF57,UfsPassThruDxe
D75E1AFA-0A28-41B1-9DA6-765976742542,DellDiagAbstraction
2FB92EFA-2EE0-4BAE-9EB6-7464125E1EF7,UhciDxe
D9389EFA-2C9A-4696-8BB6-FC5F398D8DF3,GpioControlSmm
90BF2BFB-F998-4CBC-AD72-008D4D047A4B,PeiPciePhyFwLoadingInit
8D3168FD-8CD5-4B35-9AA0-3C964D4CC14A,RstVmdDriver
C5046EFD-7BC3-4206-987C-32DA45026E6D,PlatformInitAdvancedDxe
5B60CCFD-1011-4BCF-B7D1-BB99CA96A603,FatPei
EBF342FE-B1D3-4EF8-957C-8048606FF671,SetupBrowser
16C368FE-F174-4881-92CE-388699D34D95,GpioPolicySmm
961578FE-B6B7-44C3-AF35-6BC705CD2B1F,Fat
4E98A9FE-DF5A-4136-B922-4FB970CBD733,CpuSmm
1FA4DAFE-FA5D-4D75-BEA6-5863862C520A,TcgConfigDxe
F1000EFF-17FC-4B77-A16A-15D47CD809EE,DellMeLocalFwUpdate2Dxe_ME160
9FAAD0FF-0E0C-4885-A738-BAB4E4FA1E66,FspmWrapperPeim
