AC8F7B00-C65B-4568-8806-9DEA9E5F1085,DellStatusCodeHandlerSmm
7EF09900-7397-45C0-9CA6-698324391870,DellAutoOsRecoveryDxe
E36B2401-2251-4B13-AF67-A1B2EC561E36,DellSimulatedECSmm
8F0B5301-C79B-44F1-8FD3-26D73E316700,PowerMgmtSmm
8B8AFD01-8A32-4249-9800-FABC2B1084E5,BluetoothSmm
A6885402-D022-4B0E-A509-4711B90F2A39,ReportStatusCodeRouterSmm
7CBD5702-C8E3-4F7E-BA08-EC7EF1BB2D67,IrqTableInfo
4AA65902-3ED3-43B3-A52B-FC1D6C077AE4,AhciBusPei
9221BC02-8F2E-4CCA-BA89-EA6F91A4175E,CsmLoader
93B80004-9FB3-11D4-9A3A-0090273FC14D,PciBusDxe
51BCC804-428A-4A6A-B352-E4844AED9105,NtfsPei
7807E404-8281-4FF1-8457-0B54BABE263F,HitachiH8s2113Dxe
5BDDE605-B107-419E-9510-AA3C434EBBE4,LegacyBiosPlatform
7DD26A06-9942-41A8-B9CF-09DE46D5D219,BBSManagerDxe
59378206-861B-4380-A349-2F2F4F030C4B,DashBiosManagerSmm
EEE00707-6734-491B-ADB3-C168265AB5B5,DellUsbMassStorageSmm
79CA4208-BBA1-4A9A-8456-E1E66A81484E,Legacy8259
E1C39E08-641A-4875-BF1C-032DC8675390,DellRtlPxeOrom
25C0310A-CB9E-47E0-CBC0-F7F45E55AC9F,DellMfgBootListConfigDxe
42857F0A-13F2-4B21-8A23-53D3F714B840,CapsuleRuntimeDxe
3C33A10A-917E-4925-A2C4-8B545BF10A82,HddPwSmm
1B45CC0A-156A-428A-AF62-49864DA0E6E6,PEI apriori file
6D85CF0A-4A5F-49B0-BAFD-A90992677FF7,WinbondWpcn381u
27E94A0B-6E3C-4B4B-B876-176AE521CE60,DellHotSosDxe
E764500B-E398-4AB7-BBBC-99A8E683681F,MeSmbiosDxe
6D4BAA0B-F431-4370-AF19-99D6209239F6,BiosGuardServices
9C4D5E0C-1C12-4BC5-83D4-E671BDD61E40,DellServiceOsInterfaceSmm
10C3800D-E225-480E-85DA-BEEDDB88E1C6,SegSsdt
7122810D-CCD3-4B09-A0AB-8D107645C978,DellMonotonicCounterSmm
D77C900D-A1C7-41C5-B989-0C3D37FCA432,AmtWrapperDxe
58CAD20D-D51F-B385-7F84-E829CA2F7C3A,EcGpioControlSmm
BDFE430E-8F2A-4DB0-9991-6F856594777E,EhciDxe
2366C20F-E15A-11E3-8BF1-E4115B28BC50,HttpDxe
A20ADB10-EE08-469F-8059-6F817D4F0531,DellNvmeOrom
8DD46B11-0403-4B4C-B372-7041CB151834,DellFlashUpdate2Pei
3022E512-B94A-4F12-806D-7EF1177899D8,PciHotPlug
B1951813-0CFA-418E-B312-33368D5902EB,SystemPwSmm
E6ED9B13-31AF-4C92-A561-D47B2FA994F7,FastBootHandlerDxe
52C05B14-0B98-496C-BC3B-04B50211D680,PeiCore
DAE6B815-877D-4597-A637-CFCFCCC431ED,PlatformStatusCodeHandlerDxe
8D3BE215-D6F6-4264-BEA6-28073FB13AEA,SmmThunk
119BFA16-911B-4F1F-B1B2-69F43B759448,DellPcdUpdatePei
0D8FA117-1239-4CD6-AD0A-331663824B13,DellOnboardNicPei
1137C217-B5BC-4E9A-B328-1E7BCD530520,DellThermalDebugSmmDriver
94734718-0BBC-47FB-96A5-EE7A5AE6A2AD,Dhcp4Dxe
232FB018-F308-4081-B280-812E6164123B,PasswordMgrDxe
490D0119-4448-440D-8F5C-F58FB53EE057,PolicyInitDxe
293A571A-3308-443F-9F36-39DCFDBF3B83,DellEcIoDxeNb
58C9681A-6956-41FA-B0AA-A3246D880E9A,DellWmiSmm
235BE51A-D4D5-49EF-9C46-D313056B7401,UsbPolicySmm
61F6E81A-7BBA-4A7F-B9F2-B0A3B5D461C5,DellFileExplorerDxe
34E74B1B-8794-4402-AA43-99B5249B1CFD,DellSbSmm
83DB711B-ADAC-46B3-BBFF-5E6E28CFFBD2,DellWlanSmm
2D1E361C-7B3F-4D15-8B1F-66E551FABDC7,SaLateInitSmm
FDBE121D-3EB4-4F95-A294-B3794D177FEB,DellECZPODD
2BB1381D-AE4F-4B37-B999-812F93811282,RaidROM
EEEE611D-F78F-4FB9-B868-55907F169280,PlatformInitPreMem
9104D81E-05B6-4754-A2DE-7DB342FE5496,DellAcpiSharedMemDxe
AF4F281F-519F-4A39-8182-4B053D429874,DellTpmBusConfigDxe
FC87501F-F707-49A2-B676-77717DD904DC,SmiCpuDecodeSmm
6AEA1B20-6384-4B5F-ABAC-776A11698DED,LegacyBiosReverseThunk
A5683620-7998-4BB2-A377-1C1E31E1E215,TcgDxe
32C82722-A756-43D4-9BB5-E07E0B1495F7,DellFmpTpm
F8673422-16DE-449C-8728-AB0361DBF9F0,LegacyInterruptHookDxe
AD7C7A22-5F5D-4864-A8EF-2B78AD0A52D8,DellUsbExtDxe
0A66E322-3740-4CCE-AD62-BD172CECCA35,ScsiDisk
DF84ED23-5D53-423F-AA81-0F0E6F55C69B,Int15Asm
8F8EB724-139E-4A32-A3D0-F7D376E5B908,RecoveryDeviceMap
86D70125-BAA3-4296-A62F-602BEBBB9081,DxeIpl
7E374E25-8E01-4FEE-87F2-390C23C606CD,AcpiTables
FB257425-8C55-4DE8-8238-F53906AA5B94,IrqBoardInfoRvpDt
F6ECDC25-2079-475A-B0E8-F48B8FA5C20A,DellSTMicroTpmFwMgmtDxe
821ACA26-29EA-4993-839F-597FC021708D,efiinstnats
D3E8A227-E905-407E-8F8F-FED32FB2F93B,DellUsbSmmCore
28EBF627-9BF1-4719-A676-4AF8362FEB23,RTS5242Dxe
CCCB0C28-4B24-11D5-9A5A-0090273FC14D,GraphicsConsoleDxe
943F2628-E10B-4832-B54B-D174F5E04441,RecoveryInitResource
B89FD028-D4C6-4BB7-BCA4-17D8C945DC23,CommonVideoSmm
DA3B0E29-2DA7-48A7-AE98-B21093DBBC2B,RecoveryImageReadWrite
7D655829-26DD-4342-96AD-04899477C3FA,SpiSmmStub
2A7B832B-3EE0-44C2-8F3A-9FD43183B853,DellFmpPfat
194EE52B-02FE-418D-AA10-2E61E51CB894,DellMonotonicCounter
BD53572C-6486-45E2-900E-B98AC1A82545,TcssSsdt
88D3D12C-5B7B-497E-A27B-1CB65D42BF0F,BrightnessHardwareGopDxe
9622E42C-8E38-4A08-9E8F-54F784652F6B,AcpiTableDxe
59ADD62D-A1C0-44C5-A90F-A1168770468C,PlatformInit
1BA0062E-C779-4582-8566-336AE8F78F09,SecCore
B3D3502E-CB82-4017-AB34-2F17D2D7035F,PepBccdSmm
FC44722E-1813-419F-9FDD-C3FB644CEC8C,DellErrorHandlerDxe
2145F72F-E6F1-4440-A828-59DC9AAB5F89,EmmcDxe
49C6AC30-F172-4EA4-8599-3925855B4D47,DellDiagLedSmm
918ABA30-3D8D-4BB5-B849-45CC4FC7DE7C,Dptf
FA1B2631-91C4-43F0-BA91-AFBFC7452087,DellEnhancedVersionDxe
5B442B31-1F54-4616-A6CC-3CEC4DB3A34B,SraSmmStub
08464531-4C99-4C4C-A887-8D8BA4BBB063,Ps2MouseDxe
2386E231-A9CF-4F52-946A-6F6B6C133B46,DellSmBiosTableLoaderDxe
EED5EA31-38E2-463D-B623-2C57702B8A1C,SectionExtractionPei
AEA8F032-4601-0189-2411-6C8E3027EE8E,DellDataWipeDxe
C4D1F932-821F-4744-BF06-6D30F7730F8D,Ps2KeyboardDxe
17390333-4CE6-48A8-AFB9-0EF55B666B74,RunTimeAcpiDxe
AD873A33-61E5-45DE-BB73-84F8461FB9EF,DellHddSecurity
CE366D33-B057-4C03-8561-CAF17738B66F,WdtAppDxe
D472AB34-8E21-4343-8BFF-01ECDE292375,DellThrottlingDriver
0FEBE434-A6AF-4166-BC2F-DE2C5952C87D,DellAbsoluteDxe
F3982635-7706-4842-840F-6479B4865866,DellSimpleBootFlagDxe
73303035-D6D0-46B5-8ECA-139EE287C000,RaidDriver
33FB3535-F15E-4C17-B303-5EB94595ECB6,SmmLockBox
ACD28235-075B-48B5-98A1-DA04FCAF84F3,SiInitDxe
E05B8635-E5C0-4D88-B629-19D6A2C6E92E,PegSsdt
B981A835-6EE8-4F4C-AE0B-210AA0BFBF01,RngDxe
A89BB035-B7E2-42CF-B27D-C1A50FCBC1CA,DellUnzipDriver
FDFBF935-656D-4EA7-9DD3-B7FB42497D78,DellSecurityAuditDisplaySmm
405DA936-3737-5B0B-8E3F-E6172A568592,RecoverBiosUiDxe
77197B37-A0FB-487C-9CDF-FC36179B73DE,DellStatusCodeHandlerDxe
6FD18837-36E6-46EC-8F61-6730E3E23D50,JhiDxe
6711A637-2C2B-48EA-BD29-88E8A2F80B93,DellFingerPrintReader
D824AD37-7AB9-4817-BD53-DBAB779A3C83,DellAdvSysMgmtConfigSmm
DB132638-96F1-415D-BE5B-9A1F153EAFFE,TbtNvmDrvSmm
A80CF838-838E-4739-B49E-D97D20DDE98F,GpioControlPei
3EAF5E3A-E4B2-48E6-A9F1-B75CF204BCC8,PeiBoardConfigInit
9581983A-3663-46F0-83EC-8A0506EB63E7,BiosInfoChecker
72CAB13A-8E3D-4C49-967E-487A1C291E51,DellTagsSmm
D1AF503B-68B9-4FC9-AE87-DFB72F21B3F1,DellFmpMe
BB67A43B-C7AE-4299-A275-7526DC697735,PlatformStatusCodeHandlerPei2
00EEAB3B-4719-432D-A2DC-C97A2C62BFDD,DellPermDevConfigPei
0E1B2F3C-DD5F-44CE-8D37-5AEC2B339B5C,BiosConnectSOSLauncher
0EC3423C-C88B-42E3-8ECE-9D26420C2960,DellMeLocalFwUpdateDxe_ME130
F110703C-9D16-40CA-250A-2700CA534F87,DellMfgBootListConfigSmm
BDCBB03C-545E-43C1-8AA8-F058C4FA81A8,GpioControlDxe
FDBEBA3C-B4C5-4F76-B80A-3D1F8DA62973,DellFlashPowerConfigSmm
FDFF263D-5F68-4591-87BA-B768F445A9AF,Tcg2Dxe
5DFAE03E-9C19-4996-85BF-65297BD4137F,DellPlatformVTdPolicyDxe
D4B61940-73AB-48A5-9E26-53A4CA4A2C37,DellDiagsSmm
B219E140-DFFC-11E3-B956-0022681E6906,DnsDxe
2D59F041-53A4-40D0-A6CD-844DC0DFEF17,SmmS3SaveState
A3610442-E69F-4DF3-82CA-2360C4031A23,ReportStatusCodeRouterPei
F9D88642-0737-49BC-81B5-6889CD57D9EA,SmbiosDxe
787D4843-68AC-4C28-BE53-BAC272BAECF9,DellVariable2RuntimeDxe
A37A9E43-9077-4539-9B90-BD719B032B23,SpiControllerDxe
166FD043-EA13-4848-BB3C-6FA295B94627,DellVariable2Smm
55E76644-78A5-4A82-A900-7126A5798892,HeciInit
FF0C8745-3270-4439-B74F-3E45F8C77064,IntelGopDriver
8401A045-6F70-4505-8471-7015B40355E3,UsbBusPei
BF6F4946-F369-47E9-9084-230C7F9E737A,BCdpfLauncher
E2775B47-D453-4EE3-ADA7-391A1B05AC17,PciSioSerialDxe
44F8D447-A021-46AA-9811-12C1EA02119D,BiosConnectLauncher
470CB248-E8AC-473C-BB4F-81069A1FE6FD,SmmFaultTolerantWriteDxe
B8FE3D49-DCF3-4CBB-8070-47B4F5A34559,GopDebugDxe
290EA249-6E88-423C-B0DA-75CDDE7920CC,AmtPetAlertDxe
FC48A849-C1FF-43ED-99C4-799EE9C8C0E5,DellSlp2MarkerCtrlDxe
42CF2D4A-78B4-4B80-80F9-96A83A630D70,UsbDeviceDxe
E374574A-2ADF-43DB-A778-88A75FC08026,DellSmbDaTokensConfig
6D33944A-EC75-4855-A54D-809C75241F6C,BdsDxe
04AFC94A-73AF-432F-BECB-B794568AC985,DellOnboardNicSmm
12A5DC4A-88AA-89DA-89D0-D4547191E3F4,RstUefiDriverSupport
3DC5DC4A-824A-44C5-89D0-D4547191E3F4,RstOneClickEnable
55BB5A4B-3B3F-442C-BF09-0F87A67E8EE7,BindingsDxe
F7731B4C-58A2-4DF4-8980-5645D39ECE58,PowerMgmtDxe
C642C14C-0E9C-4AEF-94A5-A213BAA35DE0,HstiResultDxe
12CD8A4D-93FD-E81C-72FC-D931EBBC04D4,DellTouchScreen
CA89914D-2317-452E-B245-36C6FB77A9C6,SaSsdt
8A9EE24D-DAE8-401F-A591-241DF848407F,WwanSmm
D7B10D4E-67E6-4C74-83E9-F9AF0ACC33CC,PchInitSmm
2883464E-3CA2-4F4D-B903-21A1E3F61471,XhciControllerPei
22EA234F-E72A-11E4-91F9-28D2447C4829,HttpUtilitiesDxe
9B3ADA4F-AE56-4C24-8DEA-F03B7558AE50,PcdPeim
9698CA50-54BB-4B43-B1CC-EC1338B7D767,Mec5105InitPei
FE444F51-5288-46E6-B171-73C91BDE358B,DellUefiClass3ConfigSmm
E8ED6E51-48FA-4585-8E77-F68449DB1C0F,OromKbAccessDxe
45234652-62B3-4BF7-3878-B54FC44B5328,ForceLpmAspmDisable
47727552-A54B-4A84-8CC1-BFF23E239636,Tcg2PlatformPei
9E53D652-D0E1-4906-A0CB-31685C32BFCC,DellNbEcPei
98E21F53-590C-43CE-99C8-637B6580A5DA,DellUsbExtSmm
8B529353-1FCC-4AC0-A121-90BE9F9CBF7A,DellDiagsLegacy
B0D6ED53-B844-43F5-BD2F-61095264E77E,PchSmiDispatcher
469AFF53-E625-4460-8F18-AA2206DAE5BE,DellDockSmm
EFC41654-87AD-461D-A5F2-D79B0C01C31A,DellWmiBiosAttribSmm
DA806754-AF95-4E1B-ABC8-FAB569FC2B3F,DellErrorHandlerPei
21B0CB55-4330-4343-AFF8-A68089124118,DellServiceMenuConfig
AF5B3C56-95E6-4434-9373-39BB718ACD00,DellFmpInterface
44A20657-10B8-4049-A148-ACD8812AF257,Tcg2Smm
80CF7257-87AB-47F9-A3FE-D50B76D89541,PcdDxe
7AFFD257-51D0-439A-A89A-85A3419308E4,DellJSONParserDriver
CB934658-ADA4-40E5-98CE-9B476FA108B4,DellPcdUpdateDxe
E0F2E558-993B-43A9-88C8-D5308BCEBBBE,EcStorageAgentSmm
FF63C459-3400-40F9-85FF-54AD7855F5B7,DellFmpLoader
FCCCE259-07E1-417A-A755-E0F2CF39295E,CpuInitDxe
19DF145A-B1D4-453F-8507-38816676D7F6,AtaBusDxe
5E9E1E5A-D6BC-4AC6-A161-854B7BB5E10A,RealtekLan
F122A15C-C10B-4D54-8F48-60F4F06DD1AD,LegacyBiosDxe
49F8C35C-B9EF-402A-AB44-871C139EB00D,FastBootSetupDxe
A035165D-8E42-4B17-B5EE-0940B16E0E36,DellKernDmaProtectSmm
76CBE15D-3C00-4597-8F13-621D77E879E1,AmtSaveMebxConfig
CE2B8E5E-CFA9-4F18-9AE1-ACEAB642892C,DellOA30CtrlSmm
82A3935E-BA18-4703-A7D7-6D356FFE26BA,CameraSmm
283C945F-3FF5-4588-AD80-86E8708B942C,DellSimulatedECPei
11ADE65F-956B-4D0E-B368-86DBC92F01AA,VariableSmiInt15Dxe
EADD5061-93EF-4CCC-8450-F78A7F0820F0,Tcg2ConfigPei
348C4D62-BFBD-4882-9ECE-C80BB1C4783B,HiiDatabase
1F345462-CEA5-4ADD-9C43-5CA6720B9DA6,IrqBoardInfoRvp
D7DCC862-A2A0-4CDA-B18E-4477D2FE49E3,RadioExecSmm
592BFC62-D817-4D1A-86F8-33334C9E90D8,DellAhciOrom
E4F61863-FE2C-4B56-A8F4-08519BC439DF,VlanConfigDxe
AAC33064-9ED0-4B89-A5AD-3EA767960B22,FaultTolerantWritePei
AE265864-CF5D-41A8-913D-71C155E76442,CpuIoPei
6B287864-759C-42C4-B435-A74AB694CD3B,SpecialBootStubDxe
A702CE64-AB7A-498F-BAE6-CE18BBAE4C31,BrightnessHardwareVbiosIntelSmm
F0FFF864-8454-46E5-9F2B-CF14F0A41A48,WarmBootSmm
91574965-A7EF-4DC6-AD6A-5356CC21C500,DellBootLayerDxe
378D7B65-8DA9-4773-B6E4-A47826A833E1,PcRtc
A8499E65-A6F6-48B0-96DB-45C266030D83,SiInitPreMem
1051EC65-F6FC-41EA-BA51-344C37F60CDF,BoardConfigInitPreMem
57B82766-596A-45BD-8168-27E2BF41EF5C,DellPermanentDeviceSmm
931F5366-FBB9-4C2C-9362-B532CBEB4F66,ServiceResetDxe
A7A15766-449B-AA93-114B-71B47BE174CA,DellDataWipeSmm
1A7E4468-2F55-4A56-903C-01265EB7622B,TcpDxe
9E6A5868-6BC0-4F5D-BA8F-4874D31E41C9,DellUefiClass3ConfigDxe
544C6868-AA26-4B94-A43D-80A1BF4E65EF,DellErrorHandlerSmm
101FC168-9319-4CC1-8E8E-0F396B29BEA6,DellUserInterface3Dxe
DE5DE16A-75E4-42DE-86D8-30666A08EA93,DellUefiClass3ConfigPei
620E726B-312F-42A3-9798-BA96F7C4F90F,DellUsbOrom
1314216C-CB8D-421C-B854-06231386E642,PlatformInfoDxe
B44A486C-8BB3-457A-A8CE-F89B179C9504,DellEcIoPeiNb
418FAF6C-2BCF-4141-8983-9D33E1B67B4C,SpiControllerSmm
46FAE56C-AC1E-4BAD-B152-549DCE042D80,BBSManagerLegacySmm
DC571B6D-D570-4862-A95F-299B28FDC2D2,DellAdvSysMgmtConfigDxe
33C6406D-2F6B-41B5-8705-52BAFB633C09,AlertStandardFormatDxe
6987936E-ED34-44DB-AE97-1FA5E4ED2116,DeviceFirmwareUpdateDxe
1F28B56E-D26A-48FD-9FAC-9E18A2C5BBDB,CnvUefiVariables
6DB9486F-6AF6-4090-984D-238482CE3EA4,BdatAccessHandler
D61DE96F-6AAA-4B7A-BF5E-DDCA9301DEDD,DellHardwareFailureLogDxe
3D154670-6015-4425-B9C5-8035E34BE6FD,NvmExpressPei
AAEEA070-C492-4469-B378-BBAB2060A4A7,BiosAttributesMgr2Smm
128FB770-5E79-4176-9E51-9BB268A17DD1,PciHostBridgeDxe
839EB770-5C64-4EED-A6D5-EC515B2B2B23,PlatformVTdInfoSamplePei
3FE89372-C0CC-466B-AA4A-B76DBBB11BBB,DellPolicyDxe
53322F73-3965-45A7-8B54-61972744102E,IntelUefiRaidDiskInfo
C8339973-A563-4561-B858-D8476F9DEFC4,Metronome
A210F973-229D-4F4D-AA37-9895E6C9EABA,DpcDxe
1C110D74-159B-46B3-B47E-7B7AD22FA6D6,DellResetReduction
700A8874-D215-4ABB-9EF2-7A80128560E0,EmmcSoftwareTuningStorage
8B778A74-C275-49D5-93ED-4D709A129CB1,DellAbtDxeBin
2E3F2275-89CD-4DE4-BD84-BEBFD94BCDCC,DellSmBiosDaCiSmm
B8E62775-BB0A-43F0-A843-5BE8B14F8CCD,BootGraphicsResourceTableDxe
291A3B75-C685-475E-876B-2E40A6A7E18A,SetTimerPeriodDxe
A8656175-9210-4AB5-8ED4-A7503BD92F0C,BoardSmbiosDxe
260AA875-0EED-4EE1-8A14-046B4FB17EF5,DetectRecoveryModePei
6684D675-EE06-49B2-876F-79C58FDDA5B7,IrmtAcpiTables
832EF075-7D39-4E4C-83B9-B1EBF34DA2D6,PcdInitDxe
CE248B77-1179-4BC6-B324-9D2EDC4B976E,AhciControllerPei
A0C98B77-CBA5-4BB8-993B-4AF6CE33ECE4,Tcg2Pei
8F6F4178-E25F-442C-B54F-D805205EA3FF,DellXhciSmm
DFB36C78-E534-4E05-9D5D-1803F36E88F2,ReportFvRecoveryPei
59287178-59B2-49CA-BC63-532B12EA2C53,PchSmbusSmm
1C8B7F78-1699-40E6-AF33-9B995D16B043,PiSmmCommunicationPei
EA139578-FEA0-4DD2-91B5-6953819EF1E4,DptfAcpiTables
AF43E178-C2E9-4712-A7CD-08BFDAC7482C,UfsPciHcDxe
6046E678-24EF-4005-BA39-BDA11F6D555D,AmtInt16Csm
9E2E1579-77D3-4905-AD14-4479BEC03DA2,IrqBoardInfoRvpM
0AEF5579-3700-41D2-A53E-DABD55E22432,DellUsbBusSmm
8E325979-3FE1-4927-AAE2-8F5C4BD2AF0D,SdMmcPciHcDxe
230F6679-F703-4DC2-B2B7-41C670BCC0D1,BiosInfoRecovery
D61B6C7A-653A-45A9-8AF3-63A8A5076639,DellHddSmartSmm
BA25E07A-E253-442C-90FF-B4C92FAD6990,UsbMassStoragePei
FC90EB7A-3E0A-483C-A26C-484D36593FF4,AcpiPlatform
27F4917B-A707-4AAD-9676-26DF168CBF0D,PchSpiSmm
CA9D537C-0B20-4F94-9283-45F4D51A748D,DellAsfBypassAbstraction
75BE667C-48E1-452D-B0FC-363138ED87FF,PStateControl
EBF8ED7C-0DD1-4787-84F1-F48D537DCACF,DriverHealthManagerDxe
6807217E-E8DE-42D0-91D9-60AECED7420D,Stall
4495E47E-42A9-4007-8C17-B6664F909D04,BlockIoDxe
7C03567F-C840-4E9C-BFCC-652793C2FBFB,DpfServicesDxe
D6A2CB7F-6A18-4E2F-B43B-9920A733700A,DxeCore
F099D67F-71AE-4C36-B2A3-DCEB0EB2B7D8,WatchdogTimer
FC012980-D6F9-4741-B660-32D04E269BD8,DellFmpPm
9901C780-3E33-4D18-B54A-CF7234AFDB50,DellPolicySmm
43130081-60D6-4C29-BBC0-AB0B5BB90483,DellMfgAuthenticationSmm
77D71582-4274-0EC5-36CD-65A2CC4FD663,DellWsmtEnforceSmm
044D9982-AA57-45D7-BB7D-62966AF7356B,DellStatusCodeHandlerPei
F895B482-1970-49A7-84F5-723978086642,DellFlashUpdate2Dxe
80FD2A83-B5AF-4A67-88BD-08388BDF1ADF,DellTcg2ServicesDxe
66633083-3F16-43B2-8ED2-801A2EDC3824,DashBiosManagerDxe
67499F84-F2E5-4DD2-9E56-C6E389DD6173,DellRtcAutoOnSmm
D76E0A85-4908-4732-BE0F-BE707EF7CB37,SmbiosTpmDeviceInfo
68A10D85-6858-4402-B070-028B3EA21747,SpiFvbServiceSmm
57D55F85-C177-4A84-A2DD-8668E6F082E1,DellCipherSmm
E660EA85-058E-4B55-A54B-F02F83A24707,DisplayEngine
DFE12086-5323-44BB-BB3D-702165FCFB61,DellHardwareSignature
1A1E4886-9517-440E-9FDE-3BE44CEE2136,CpuDxe
6141E486-7543-4F1A-A579-FF532ED78E75,ResetSystemPei
3A4F8687-0AF0-4F39-87CF-8A2DE97AB3DB,PasswordMgrSmm
038CE287-B806-45B6-A819-514DAF4B91B9,DellErrorLogConfig
E1DC0888-C5AC-4A2C-83A5-91AD26960F31,DellTpmPpiSmm
DED60489-979C-4B5A-8EE4-4068B0CC38DC,OpalPasswordPei
FA20568B-548B-4B2B-81EF-1BA08D4A3CEC,BootScriptExecutorDxe
299D6F8B-2EC9-4E40-9EC6-DDAA7EBF5FD9,SiInit
D6DAB28B-E52A-4C76-B9D1-982B112C9130,EcDashControllerSmm
39F5FC8B-F34D-4256-8689-DA3A44580544,DellNbEcSmm
E3E4048D-6C0C-43E4-AE1C-FFB579D8EF41,OpalPasswordDxe
00160F8D-2B35-4DF2-BBE0-B272A8D631F0,FirmwarePerformanceDxe
389CAF8D-998F-4AD8-BFAC-20BE4AD9804A,DellAuxMac
1A481E8E-342F-40AA-AF31-F4FB7C99D428,AmtInt16
5AD19B8E-71DA-40E6-B30E-FF2B8168C10C,DellThermalDebugDxeDriver
3209228F-94E2-4AA4-8E18-0791B7254C2F,DellAbsoluteSmm
34C8C28F-B61C-45A2-8F2E-89E46BECC63B,PeiVariable
3876F590-7AC6-4E0C-82EF-7B9A8A7B8DC9,GpioPolicyPei
B7F50E91-A759-412C-ADE4-DCD03E7F7C28,XhciDxe
A128BD92-E5D3-4A8C-A902-559989BDCA05,DellPermanentDeviceDisablePei
42293093-76B9-4482-8C02-3BEFDEA9B35D,TcgSmm
566E3593-00BB-4013-9FF1-FE566FB1BCA9,DellFormBrowser2
529D3F93-E8E9-4E73-B1E1-BDF6A9D50113,ArpDxe
A9CA7993-FB8F-4BE4-8CE1-E2AB9F2E40DC,DellTbtSetupSmm
A9CA7993-FB8F-4BE4-8CE1-E2AB9F2ECD04,SGXSetupSmm
DB0C8A93-57EE-4E4E-AA7D-1179234A7D63,DellRamDisk
86CDDF93-4872-4597-8AF9-A35AE4D3725F,IScsiDxe
EC98FF95-242C-4513-B1BC-69FA24111C58,AcpiDebugDxe
03068297-DDA5-4CCD-BBFA-7E09AE025177,I2cTouchPanelDxe
587E8797-C2FB-41B7-AE9B-F53A6C562DF5,DellCsmPolicyConfigDxe
2B346098-AA0B-4AE7-BDBE-88EB3CD6220F,BiosDiags20
01237498-4E20-42E5-BF75-1CD3B20F7CE3,PlatformStatusCodeHandlerPei
07709C98-414A-4039-B7D0-29C21F105E92,AcpiPlatformFeatures
7CB40E99-3186-4A5D-829D-802C5793F132,DellAcpiSharedMemSmm
FB142B99-DF57-46CB-BC69-0BF858A734F9,SerialOverLan
99F03B99-98D8-49DD-A8D3-3219D0FFE41E,Mtftp6Dxe
438B7799-F4D5-47A6-A75C-305C4449F512,SwSmiDxe
51CCF399-4FDF-4E55-A45B-E123F84D456A,ConPlatformDxe
7C347F9B-6FAE-45A5-906E-F8DFEBEE64FF,DellWmiSecurityMgr
4B87C89B-39A9-478F-A4B6-816A9EDC5087,DellVariable2Dxe
79AB769C-E959-4B09-9718-80A896012C28,DellNetworkTransferDriver
A4F2909C-5E2A-438A-91BA-272B0923049A,PlatformSetup
95E3669D-34BE-4775-A651-7EA41B69D89E,Dhcp6Dxe
EDADEB9D-DDBA-48BD-9D22-C1C169C8C5C6,CpuMpPei
ECA2AE9E-7594-4901-871C-449DA1A11660,I2cDxe
9516D89E-0A6D-4AF6-8C26-5526F11EE82E,BrightnessControlSmm
1FA1F39E-FEFF-4AAE-BD7B-38A070A3B609,PartitionDxe
4F1F379F-2A62-48BB-AC34-D3F135C6E2B7,PcatSingleSegmentPciCfg2Pei
F906769F-4AED-4A0D-8C7C-FF21B9D1051A,IntelVTdPmrPei
EE2F2CA1-911D-44AE-97D8-AB313758B025,DellMfgDefaultsDxe
29EA0DA2-84A0-4FC1-80E4-0531C7466EF6,DellSupportAssistUi
F80E66A2-1A2C-415B-9B9C-066C1F04B626,ITbtDxe
D180DDA2-E54A-4AFB-BB4D-188D1ACEA2D7,DellCameraEepromConfig
5402F0A2-7818-478B-8744-048AAE94BE0D,DellTpm20Dxe
84E90BA3-CB79-4267-AE2F-437B86DAA6F4,DellTrustChainingPei
091AAEA3-09A9-40F6-9864-0139388A9F8C,XhciPei
E77E53A5-A5B8-45DC-BAEB-66C86F1AC811,RuntimeAcpiSmm
FB0F46A6-4073-413D-991A-812ABEBC3138,PlatformStatusCodeHandlerSmm
15488FA6-2391-4C9B-6FB7-6FE0E0F410BC,DellPeiPolicyInit
6EBDA9A6-6562-43B1-8DAD-ACF1F50E8F3D,I2cFunctionPolicyDxe
E052D8A6-224A-4C32-8D37-2E0AE162364D,PchSmbusDxe
2BE1E4A6-6505-43B3-9FFC-A3C8330E0432,TcgPei
F7FDE4A6-294C-493C-B50F-9734553BB757,CapsuleX64
9FB4B4A7-42C0-4BCD-8540-9BCC6711F83E,UsbMassStorageDxe
8FAAD0A7-02B4-432F-8F5C-B880965D8B41,SmmCommunicationBufferDxe
A7732DA8-11AA-4366-9715-CD92CFB7D362,SataController
E21F35A8-42FF-4050-82D6-93F7CDFA7073,PiSmmCommunicationSmm
2FC95DA8-6DED-4E19-BA0F-A253032E144A,DellHotSosSmm
BE216BA8-38C4-4535-A6CA-5DCA5B43ADDF,VariableSmiSmm
CD31F8A8-28A6-4E49-8B3E-4142BD006C41,MeUlvCheckDxe
35E417A9-EE0B-48DC-A948-75F8AB93C933,RuntimeAcpiPei
56752DA9-DE6B-4895-8819-1945B6B76C22,PeiVbt
B177D4A9-D6E3-48A3-92F7-B548DE879D94,SraDxe
2D2E62AA-9ECF-43B7-8219-94E7FC713DFE,UsbMouseDxe
6E7181AA-A835-47BE-9C49-0743354D2F5D,RecoveryPcdDataBase
E862A2AA-299A-4A4B-B00A-AA7350FD6842,DellSecurityAuditDisplayDxe
B178E5AA-0876-420A-B40F-E39B4E6EE05B,WarmBootPei
044310AB-77FD-402A-AF1A-87D4120E7329,FirmwarePerformanceSmm
6D6963AB-906D-4A65-A7CA-BD40E5D6AF2B,Udp4Dxe
A17F8AAB-42F9-4D94-82CD-A099E1DD52DF,BootTimeDxe
8698C9AB-DF46-4B3C-B119-1D4CC1199497,Realtek5242CardReader
71C914AC-EC48-43D5-A9BA-64BFC69C73DA,BiosConnectLoader
E4735AAC-9C27-493F-86EA-9EFF43D7ADCD,VirtualKeyboardDxe
8DB954AD-047A-459A-AC0F-F3758779F61A,DellMfgModePei
478FCDAD-760E-426C-869B-2F3345051750,DellHddSmartDxe
3C4836AE-B24B-40E3-B24B-9448ED095BFE,SpiDxe
5201C5AE-D6CF-4BCE-038E-EDDF841B6AAF,LaunchPad3Drv
AAC9B0AF-A46A-49D8-8016-9B9DAD2C7F5E,DxeBoardConfigInit
89E549B0-7CFE-449D-9BA3-10D8B2312D71,S3Resume2Pei
984820B1-6D76-46C2-8146-25F245663D17,EmuPciPei
A60B21B1-A200-4785-A86E-5106E76A3604,DellDynamicBacklightControlSmm
C6D37AB1-ACBB-4928-A956-577BB3DBB751,DellDimmLocation
B98BD3B2-EC40-4826-9547-16DCB6BFA60A,DellBcRcvExtractor
7305D9B2-95AE-4250-BD78-396C3B6AC2EE,RecoveryImageReadWriteV2
23A089B3-EED5-4AC5-B2AB-43E3298C2343,VariableSmm
5E523CB4-D397-4986-87BD-A6DD8B22F455,AtaAtapiPassThruDxe
AE65A8B4-05A3-4CFC-A486-F3149AA34BC0,DellMfgModeDxe
5820EEB4-C135-4854-9D2A-AA9EFC4475E9,MeFwDowngrade
4F08F6B4-640B-4F54-840F-F225BD00B9F3,SpiFvbServiceDxe
6B38F7B4-AD98-40E9-9093-ACA2B5A253C4,DiskIoDxe
ED2B72B6-9913-432F-A199-70A05F7A303D,DellMEHandlerDxe
CD3BAFB6-50FB-4FE8-8E4E-AB74D2C1A600,EnglishDxe
240612B7-A063-11D4-9A3A-0090273FC14D,UsbBusDxe
FE7B18B7-50C7-4CE8-BAA3-60F2A9FD53B6,DellGraphics3Drv
440C38B7-ED16-49EA-9669-317EF906635D,I2cMasterDxe
CBF486B7-D196-4C03-AFE2-33F38E64DA16,IntegratedTouch
DC3641B8-2FA8-4ED3-BC1F-F9962A03454B,Mtftp4Dxe
ABA99AB9-C7E0-42CF-A584-1C93AC103AB7,DellVideoSmm
D893CDBA-7F65-47F5-A67A-228252F03633,DellFmpEc
BDCE85BB-FBAA-4F4E-9264-501A2C249581,S3SaveStateDxe
8231DBBB-30E6-459B-BA4B-5ECE97561539,DellUsbCsmSwitchDxe
844EC5BC-AE49-41B2-A70A-0AEE59505518,DellAdvSysMgmtDxe
D912C7BC-F098-4367-92BA-E911083C7B0E,Udp6Dxe
D15170BE-D512-4894-B863-9D0E6FF5C561,DellSlp2MarkerCtrlSmm
99442FC3-1A01-40F7-95A0-D65427961581,DellOnboardNicDxe
B43B03C4-FEB0-410B-A0A0-C25B1C8F8DD8,EcStorageAgentDxe
5D744BC4-CA94-4F8A-9C50-EBC2A107303E,SerialIoUartDriver
3BB37EC4-82E8-4C84-AAA5-1E0BCFCDA6FD,DellFmpFtb
0167CCC4-D0F7-4F21-A3EF-9E64B7CDCE8B,ScsiBus
B601F8C4-43B7-4784-95B1-F4226CB40CEE,RuntimeDxe
077F6FC5-2D7C-4F58-B12C-F5287E5F5843,DellTagsDxe
15B985C5-7103-4F35-B59D-2235FC5F3FFE,UsbTypeCDxe
D57BC5C5-F058-4AA8-8585-B7645E1A7D25,DpfServicesSmm
4A4CA1C6-871C-45BB-8801-6910A7AA5807,BiosInfo
CE35B5C7-EF21-48FF-A476-3F5FAF3F98AD,PersonalityModuleDxe
025BBFC7-E6A9-4B8B-82AD-6815A1AEAF4A,MnpDxe
4B28E4C7-FF36-4E10-93CF-A82159E777C5,ResetSystemRuntimeDxe
C7CAF1C7-2D97-45CB-99D9-D89AAF8ACC11,DellSecurityVaultSmm
DDEF12C9-944D-4757-A3EC-CCFBADA96DD2,DellFlashBios
903B2AC9-F6BF-4397-A4AC-2DC8FBEE30A3,DellHddScp
85984EC9-E300-4277-AC62-640FABADB6A5,DellSbDxe
00B46EC9-2712-486B-A6A4-E2933581C28B,HstiPlatformDxe
E0ECBEC9-B193-4351-A488-36A655F22F9F,SaveMemoryConfig
163699CA-FFD9-4EFA-9901-A7B2DF3DE7D1,Class3Smm
AF8A30CC-08E4-4E73-9E8E-2E39674D9E63,DellServiceMenu2
6AA1A3CC-52C4-4B03-99F7-288F345C1DB3,DellAudioConfigDxe
5BEDB5CC-D830-4EB2-8742-2D4CC9B54F2C,Ip6Dxe
40B5FCCC-CD62-4B46-89BA-D7F5256D881D,DellPolicyPei
E94F54CD-81EB-47ED-AEC3-856F5DC157A9,PiSmmCore
58B9CFCD-7BEA-43EE-AEE2-896AC2E0D6C4,AdapterWarningsDxe
79C0EACD-41F1-4336-8744-7814F64F0866,RaidControllerPei
9B680FCE-AD6B-4F3A-B60B-F59899003443,DevicePathDxe
2CFA6CCE-1A57-46FF-BE62-D6B1EA11254E,SmmCryptoAlgorithm
E6A7A1CE-5881-4B49-80BE-69C91811685C,Setup
A671FACE-B99F-48AB-B3B0-F25E5EE4B115,TcgSetupDxe
E72527CF-505B-4B50-99CD-A32467FA4AA4,AsfTable
C3B95ACF-4ED2-8462-AA52-788415A61C4B,GpsOnWwanSmm
2D2E62CF-9ECF-43B7-8219-94E7FC713DFE,UsbKbDxe
13AC6DD0-73D0-11D4-B06B-00AA00BD6DE7,EbcDxe
DD5E92D1-DDAC-48CB-907A-882D8610E89E,SavePegConfig
374CEED1-AD67-40C0-B2C9-3DBCC5A5D30A,PwByPassSmm
4D1514D2-FBDE-49C6-B20A-A40288A0D4AA,HstiIhvSmm
93D4BED3-C6EB-41A1-9FDC-724FD3C5C13E,DellFmpDock
4B63A5D4-CB08-47CD-AFD9-BEA33A30F313,CrashLogDxe
8FC1FDD4-3876-449B-A41C-6A788495FC78,BiosAttributesMgr2Dxe
5CAB08D5-AD8F-4D8B-B828-D17A8D9FE977,Tcg2PlatformDxe
987555D6-595D-4CFA-B895-59B89368BD4D,IntelVTdDxe
535A7AD6-C204-49B4-B762-4B32BF4ED314,PchInitDxeIcl
160D11D8-93D8-40A2-B1F8-7F7E80E0C8C7,DellSecureBootDxe
3234B6D8-3517-474E-B181-DA891CBA5E13,PasswordUi
46FCD5D8-A9B3-42E3-904A-012F07BC5F5C,PowerOffSmm
A47EE2D8-F60E-42FD-8E58-7BD65EE4C29B,CpuIo2Smm
D93CE3D8-A7EB-4730-8C8E-CC466A9ECC3C,ReportStatusCodeRouterRuntimeDxe
C779F6D8-7113-4AA1-9648-EB1633C7D53B,CapsulePei
BBA544D9-4747-4C3C-9371-F1ACB6B13CA3,DellNbEcDxe
CB73C3D9-2F01-4342-AE67-04DDE5264092,SmmPlatform
B95E9FDA-26DE-48D2-8807-1F9107AC5E3A,UefiPxeBcDxe
2FA2A6DA-11D5-4DC3-999A-749648B03C56,PiSmmIpl
4E8EEBDC-CF55-4FB6-AA77-984AB53DE823,EmmcSoftwareTuning
519D1BDE-27B4-4408-990D-FEFDB6B5220B,ServiceResetSmm
6CE6B0DE-781C-4F6C-B42D-98346C614BEC,HpetTimerDxe
9F7DCADE-11EA-448A-A46F-76E003657DD1,VariableSmmRuntimeDxe
B9EC7CE0-2059-49A7-BCDF-C07D4CCC6E9E,DellFmpClassic
935405E1-2F8C-4A7C-A89A-336060C4B0D2,DellCoreService
C38FB0E2-0C43-49C9-B544-9B17AA4DCBA3,CpuAcpiTables
3C0ED5E2-91EA-4B94-820D-9DAF9A3BB4A2,SaAcpiTables
99044EE3-71C1-4C63-B66F-254FABE353CA,RaidDriverPei
AD416CE3-A483-45B1-94C2-4B4E4D575562,TcgMor
F786D3E4-B003-4C9D-96A3-A4FA84EF9603,DellDeviceCfgDrv
5AAB83E5-F027-4CA7-BFD0-16358CC9E453,WdtDxe
FC510EE7-FFDC-11D4-BD41-0080C73C8881,DXE apriori file
A19B1FE7-C1BC-49F8-875F-54A5D542443F,CpuIo2Dxe
17D290E7-49BE-41FC-BF62-912C17152FA8,DellSimulatedECDxe
C10194E7-DEB2-4AF4-9EEE-BFFDE4D7D4C7,TimestampDxe
D71863E8-A7B9-4B29-BEDA-4CDAE44E056E,DellPowerManagement
4FE772E8-FE3E-4086-B638-8C493C490488,PhysicalPresencePei
F80697E9-7FD6-4665-8646-88E33EF71DFC,SecurityStubDxe
A2F436EA-A127-4EF8-957C-8048606FF670,SnpDxe
F4A48AEA-40D1-454B-B7CB-5607A993B8D9,BBSManagerSmm
2F5AB7EA-DA90-4E84-83EE-5F7397254531,BindingsPei
336CDDEA-AB28-4C4C-9F64-5FE0391FEBB8,DellAudioConfigPei
F0CFE5EA-895A-4C18-BE2A-80FD85BB8299,UwbSmm
5C3FF3EA-5E95-44AB-A042-F1CB952D0CE9,IntelRaidBiosThunk
082198EB-1731-478A-901C-5A86A9C64910,DellPermDevConfigDxe
2AEDA0EB-1392-4232-A4F9-C57A3C2FA2D9,BindingsSmm
41A78FEC-2270-421D-98C9-BD13E77DF19F,NtfsDxe
408EDCEC-CF6D-477C-A5A8-B4844E3DE281,ConSplitterDxe
2FB216ED-4A67-4833-9F5C-248124CD9AAC,GpioPolicyDxe
0B04B2ED-861C-42CD-A22F-C3AAFACCB896,BiosVideoDxe
4D2E57EE-0E3F-44DD-93C4-D3B57E96945D,CpuS3DataDxe
9C1080EE-D02E-487F-9432-F3BF086EC180,GenericMemoryTestDxe
DE23ACEE-CF55-4FB6-AA77-984AB53DE811,SaInitDxe
3364E8EE-91B8-4428-9FBC-1E9C5DCA398D,DellMemorySlotInfo
3F7753EF-D36F-45CC-8A1A-2EAAFF1038B6,PciPlatform
209674EF-6060-43E4-BE87-E742E16BEB00,NvmeControllerPei
2A5923F0-06FB-4A23-9D06-F976C7B3C312,PlatformStatusCodeHandlerDxe2
D54A91F0-4547-4380-8890-17C19937F853,DellSecureBootSmm
E89EACF0-96F8-4CCD-89E9-968CD39F2317,BrightnessControlDxe
4D9CBEF0-15A0-4D0C-83DB-5213E710C23F,Tcg2ConfigDxe
FB62F7F0-5433-11E4-B810-402CF41D8A90,SecureEraseDxe
EDF704F1-2675-4019-9258-6F0F6C677D95,DellWdtFeatureSmm
1A6F63F1-AEAD-45FC-882C-03885004A6D6,DellAdvSysMgmtSmm
F8BE27F2-7EC7-82FD-704E-A94BA8E63C7D,EcGpioControlDxe
60740CF3-D428-4500-80E6-04A5798241ED,HstiIhvDxe
AEBB0EF3-9450-43DA-B2CF-323D04C937CF,DellWmiBiosAttribDxe
4D2C22F3-C0E5-419E-8978-BC9C3CF843A8,DellFmpGbe
60002AF3-DC95-4253-88AD-8BD876D83750,DellMfgModeSmm
858031F3-96A2-406E-ABCC-ED264A3A31D6,CryptRuntimeDxe
05B17EF3-26CB-444A-82F7-92705CFB6B1E,DellSetupFormSets
9FB1A1F3-3B71-4324-B39A-745CBB015FFF,Ip4Dxe
1E910FF4-3106-44F0-BB75-115A52FB9BAC,DellVideoDxe
572528F4-9BC6-41BD-9D14-5AAD93464A51,NationalPC8374L
28A03FF4-12B3-4305-A417-BB1A4F94081E,RamDiskDxe
40B457F4-4409-492C-AE48-2A2B0CBCDA58,DellEcIoSmmNb
5BE3BDF4-53CF-46A3-A6A9-73C34A6E5EE3,NvmExpressDxe
A3FF0EF5-0C28-42F5-B544-8C7DE1E80014,PiSmmCpuDxeSmm
D22C15F5-818B-4940-90EB-ABB377255643,SmbiosMisc
D22C15F5-818B-4940-90EB-ABB377255644,SmbiosPlatformInfo
A6AEF1F6-F25A-4082-AF39-2229BCF5A6E1,AmtStatusCodePei
631B4DF7-BAEA-4C1F-A061-5B6462652822,DellDiagsDxe
A0BAD9F7-AB78-491B-B583-C52B7F84B9E0,SmmControl
5BEC0DF8-B466-4442-91F2-721DAB8F7DA1,AudioSmm
CF5014F8-2EBE-4D57-AA83-D7A3607371EA,DellFlashRecoveryImage2Pei
1323C7F8-DAD5-4126-A54B-7A05FBF41515,SmmAccess
32C1C9F8-D53F-41C8-94D0-F6739F231011,BiosExtensionLoader
C1C418F9-591D-461C-82A2-B9CD96DFEA86,LegacyInterrupt
6A5F1EF9-C478-42BA-A4DB-C7846CC7DB57,LegacyVideoRom
4E4E97F9-63FF-4BDA-90BB-C6F943FA5100,PlatformStatusCodeHandlerSmm2
E7F1DFF9-DAB6-498A-9ADF-57F344EDDF57,UfsPassThruDxe
2FB92EFA-2EE0-4BAE-9EB6-7464125E1EF7,UhciDxe
35D180FA-6ADD-482C-B6EC-B59C49B53208,LpcSmsc100x
D9389EFA-2C9A-4696-8BB6-FC5F398D8DF3,GpioControlSmm
E4A95FFC-DA1C-440F-8ACC-E3FA6B5EE4F0,DecompressFvMain2Dxe
E4A95FFC-DA1C-440F-8ACC-E3FA6B5EE4F1,DecompressFvCnvDxe
C5046EFD-7BC3-4206-987C-32DA45026E6D,PlatformInitDxe
5B60CCFD-1011-4BCF-B7D1-BB99CA96A603,FatPei
581F20FE-3C59-46EB-8D9F-47E6D38A1C3B,IsvtCheckpointDxe
EBF342FE-B1D3-4EF8-957C-8048606FF671,SetupBrowser
16C368FE-F174-4881-92CE-388699D34D95,GpioPolicySmm
961578FE-B6B7-44C3-AF35-6BC705CD2B1F,Fat
4E98A9FE-DF5A-4136-B922-4FB970CBD733,CpuSmm
1FA4DAFE-FA5D-4D75-BEA6-5863862C520A,TcgConfigDxe
9F3A00FF-AEFF-42FF-82FF-D22FD344C3FF,IrqBoardInfo
A5DEFDFF-944C-4B4D-9A76-8CF3ACAD2F7B,IntelRaidAtaAtapiPassThru
